NIK,nama,tempat_lahir,tanggal_lahir,jenis_kelamin,golongan_darah,alamat,agama,status_perkawinan,pekerjaan,kewarganegaraan
4364615789962534,Nadia Sinaga,Tegal,1933-08-07,Perempuan,A,"Gang Kapten Muslihat No. 74
Prabumulih, Kalimantan Timur 90181",Hindu,menikah,Tidak Bekerja,WNA
5402930043727591,Halim Samosir,Kediri,2020-04-22,Laki-Laki,AB,"Gang Pasirkoja No. 6
Lhokseumawe, SG 33476",Islam,cerai,PNS,WNA
4286447896724742,Ana Wahyudin,Binjai,1930-12-09,Perempuan,O,"Gg. Gegerkalong Hilir No. 62
Jambi, Kalimantan Tengah 26257",Hindu,menikah,Tidak Bekerja,WNI
0725660984023828,Galak Wulandari,Padangpanjang,1980-12-21,Laki-Laki,B,"Jl. Cikutra Barat No. 410
Magelang, Aceh 97671",Islam,menikah,Pelajar,WNI
9168443789448067,Cahyanto Safitri,Bandar Lampung,1987-11-21,Laki-Laki,O,"Jl. Monginsidi No. 19
Bogor, ST 67546",Hindu,cerai,Mahasiswa,WNI
5535160425118994,Najwa Damanik,Palembang,1990-04-23,Perempuan,B,"Gang Pelajar Pejuang No. 9
Madiun, Kalimantan Timur 10007",Kristen,cerai,Tidak Bekerja,WNA
5474947516164442,Bella Rahimah,Langsa,1912-06-19,Laki-Laki,AB,"Jalan Kutai No. 6
Mataram, Papua 68960",Katolik,belum menikah,Tidak Bekerja,WNI
8331125174994346,"Tgk. Kartika Mandasari, S.T.",Tangerang,2002-10-26,Perempuan,B,"Jl. Pelajar Pejuang No. 752
Singkawang, JI 27333",Hindu,cerai,PNS,WNA
7699691876926640,Cakrabuana Prakasa,Probolinggo,2002-01-08,Laki-Laki,A,"Jalan Raya Setiabudhi No. 896
Bitung, Nusa Tenggara Barat 74636",Konghucu,belum menikah,Mahasiswa,WNI
6510950783680880,"Ifa Wulandari, S.H.",Banjarbaru,1976-11-13,Perempuan,A,"Gg. Cikutra Barat No. 9
Palopo, AC 34449",Kristen,menikah,Wiraswasta,WNI
8667178380536365,"dr. Chandra Mangunsong, S.IP",Tegal,1991-03-20,Perempuan,A,"Jl. Tubagus Ismail No. 2
Meulaboh, PA 21733",Buddha,belum menikah,Wiraswasta,WNI
2689405146394783,Karna Anggriawan,Prabumulih,1954-07-04,Perempuan,B,"Jl. Pacuan Kuda No. 8
Probolinggo, SU 73944",Hindu,belum menikah,Tidak Bekerja,WNA
2304523753134172,"Tirta Iswahyudi, M.Kom.",Palangkaraya,1960-06-07,Perempuan,AB,"Gg. Cempaka No. 4
Kota Administrasi Jakarta Pusat, JT 20397",Kristen,cerai,Tidak Bekerja,WNA
3389756424261696,Safina Utama,Pasuruan,1976-08-29,Perempuan,B,"Jalan Dr. Djunjunan No. 9
Dumai, DKI Jakarta 52833",Konghucu,cerai,PNS,WNA
5558133184908951,Natalia Permadi,Subulussalam,1924-05-24,Laki-Laki,B,"Jl. Laswi No. 6
Pematangsiantar, Jawa Timur 88568",Katolik,cerai,Karyawan Swasta,WNI
0520830568488963,Jamalia Lestari,Dumai,2005-01-15,Laki-Laki,O,"Gang Rajawali Barat No. 0
Tangerang, SU 38848",Buddha,belum menikah,Pelajar,WNA
3660536358039604,Baktiono Yuniar,Bontang,1950-04-23,Perempuan,A,"Jl. Peta No. 29
Jambi, BT 47685",Kristen,belum menikah,Mahasiswa,WNI
5882841043619091,R.M. Mitra Mahendra,Tanjungpinang,1981-10-01,Perempuan,AB,"Jalan Asia Afrika No. 5
Bima, SG 55081",Kristen,menikah,PNS,WNI
4002436098657474,R.M. Vero Wahyuni,Bima,1981-03-01,Perempuan,O,"Jalan Kutisari Selatan No. 878
Serang, Jawa Timur 53131",Islam,belum menikah,Mahasiswa,WNI
4836750613639182,"Sutan Opan Kusmawati, M.Ak",Surakarta,1909-04-29,Perempuan,A,"Jalan Suryakencana No. 9
Kendari, JB 66936",Buddha,menikah,Pelajar,WNA
2507128190240243,"Kasiyah Wijaya, S.Pd",Lhokseumawe,1980-01-09,Perempuan,B,"Gg. Gardujati No. 4
Cilegon, Sumatera Utara 97054",Islam,menikah,Wiraswasta,WNI
6535370144117987,Paris Siregar,Bandar Lampung,1921-09-28,Laki-Laki,AB,"Jl. Joyoboyo No. 40
Tomohon, SU 51397",Kristen,menikah,Wiraswasta,WNA
7907027893528218,Kambali Fujiati,Sukabumi,1960-03-12,Perempuan,AB,"Gg. R.E Martadinata No. 13
Banjar, Kalimantan Timur 41076",Kristen,menikah,Mahasiswa,WNI
4635225203181815,R.M. Rudi Nababan,Mojokerto,1985-03-01,Perempuan,O,"Jl. Rajiman No. 7
Kotamobagu, DI Yogyakarta 48511",Katolik,menikah,PNS,WNA
8855085688389327,"Olivia Pertiwi, M.Ak",Bukittinggi,1940-03-13,Laki-Laki,A,"Gg. Cikutra Timur No. 36
Palu, BE 23390",Islam,cerai,Karyawan Swasta,WNI
2141056228418311,"Sutan Paiman Zulkarnain, S.Kom",Bontang,2015-02-20,Perempuan,B,"Gg. Waringin No. 3
Langsa, KB 81403",Islam,menikah,Wiraswasta,WNA
3146835948643062,"Dt. Jarwadi Putra, S.Kom",Tual,1982-08-28,Laki-Laki,O,"Jalan Pacuan Kuda No. 9
Tasikmalaya, KS 01383",Islam,menikah,Tidak Bekerja,WNI
9441438207145519,Asmianto Marpaung,Dumai,1937-02-21,Perempuan,B,"Jl. Jend. A. Yani No. 626
Singkawang, SB 98773",Konghucu,belum menikah,Tidak Bekerja,WNI
8125857438825890,Lurhur Firmansyah,Blitar,1949-05-07,Laki-Laki,AB,"Gang Cikutra Barat No. 3
Palu, Kalimantan Selatan 30913",Katolik,menikah,Wiraswasta,WNI
4733789056109997,"Cut Syahrini Budiman, S.E.I",Bontang,1937-10-18,Laki-Laki,B,"Gang Pasir Koja No. 15
Pasuruan, Papua Barat 70696",Islam,menikah,Wiraswasta,WNA
3842235046053997,Dian Salahudin,Langsa,1911-12-22,Perempuan,B,"Gg. Suryakencana No. 1
Salatiga, Nusa Tenggara Timur 96158",Buddha,belum menikah,Tidak Bekerja,WNI
0079556157819212,KH. Adinata Fujiati,Dumai,1968-11-15,Laki-Laki,A,"Gang Cikutra Barat No. 324
Sorong, KI 81593",Islam,belum menikah,Pelajar,WNA
1969373444948167,Galak Siregar,Bengkulu,1953-04-20,Perempuan,O,"Gg. Abdul Muis No. 36
Meulaboh, Kalimantan Barat 71820",Buddha,menikah,Wiraswasta,WNI
8511671996469477,"Febi Purnawati, S.Pt",Pagaralam,1942-05-12,Perempuan,O,"Jalan Monginsidi No. 8
Bekasi, PB 16235",Islam,menikah,PNS,WNI
0919020204311741,"Faizah Samosir, M.Kom.",Cilegon,1910-07-30,Laki-Laki,A,"Jalan PHH. Mustofa No. 08
Pontianak, GO 87521",Kristen,cerai,Tidak Bekerja,WNI
0942675953548788,Kezia Kurniawan,Langsa,1967-10-25,Laki-Laki,B,"Gang Yos Sudarso No. 30
Denpasar, Bengkulu 49892",Hindu,cerai,PNS,WNI
4887612598220044,"Laras Hutapea, S.Gz",Tasikmalaya,1930-06-28,Laki-Laki,O,"Gang Erlangga No. 4
Tasikmalaya, RI 67589",Kristen,belum menikah,Wiraswasta,WNI
8721021243850129,Farah Puspita,Sawahlunto,1914-08-30,Perempuan,A,"Jalan Pacuan Kuda No. 02
Tarakan, DKI Jakarta 68204",Buddha,cerai,Pelajar,WNI
0730369497406968,Lalita Kurniawan,Padang,2004-04-01,Perempuan,A,"Jl. Suniaraja No. 72
Sorong, SB 59125",Islam,menikah,Pelajar,WNA
0258971742396601,Natalia Sinaga,Malang,1985-05-18,Laki-Laki,B,"Gang KH Amin Jasuta No. 7
Tegal, Papua 48567",Buddha,belum menikah,Mahasiswa,WNI
6841025476896010,Ophelia Prastuti,Tasikmalaya,2020-07-24,Perempuan,O,"Jalan KH Amin Jasuta No. 5
Sabang, BA 35985",Katolik,menikah,PNS,WNI
9677406574874301,Maryanto Agustina,Samarinda,1984-11-19,Perempuan,B,"Gg. Rumah Sakit No. 15
Makassar, Kepulauan Riau 35709",Hindu,belum menikah,Tidak Bekerja,WNA
9769062241933678,Hj. Kamila Purwanti,Pekalongan,1912-02-27,Perempuan,A,"Gang M.T Haryono No. 40
Palopo, SN 53559",Kristen,cerai,PNS,WNA
0779147561345791,"Puti Zulfa Susanti, S.E.",Bima,1916-01-06,Laki-Laki,O,"Jl. S. Parman No. 39
Tanjungpinang, SR 45472",Katolik,cerai,PNS,WNI
6400449960274810,Puti Tami Utami,Mataram,1939-07-08,Laki-Laki,O,"Gg. Gedebage Selatan No. 57
Tual, KU 05449",Kristen,belum menikah,PNS,WNI
9295388688108901,"Hj. Diana Andriani, M.Pd",Sorong,1964-03-26,Perempuan,O,"Gang M.H Thamrin No. 91
Bitung, SR 21784",Hindu,belum menikah,Wiraswasta,WNI
8191097968399674,"Olivia Astuti, S.Psi",Metro,2009-08-02,Perempuan,O,"Jalan Kutisari Selatan No. 07
Surakarta, Kalimantan Timur 05770",Islam,menikah,Karyawan Swasta,WNI
9634151492235146,Shakila Hidayanto,Banjarbaru,1959-03-12,Laki-Laki,O,"Gg. Cihampelas No. 61
Tangerang Selatan, PA 94384",Konghucu,menikah,Pelajar,WNA
9249089644747525,"Jamal Suryatmi, S.IP",Batam,1920-08-26,Perempuan,AB,"Gang Ciumbuleuit No. 120
Binjai, KT 56882",Kristen,menikah,Pelajar,WNI
5743676929387378,"R.M. Jayeng Hutasoit, S.Pt",Sibolga,1932-04-26,Laki-Laki,B,"Gg. Soekarno Hatta No. 8
Sorong, SR 51453",Katolik,cerai,PNS,WNA
5834127106716934,Puti Puti Damanik,Magelang,2004-01-31,Laki-Laki,AB,"Gg. Suniaraja No. 03
Bitung, JK 97600",Hindu,belum menikah,Pelajar,WNA
8574353024157520,"Prima Natsir, M.Ak",Singkawang,1961-09-01,Laki-Laki,A,"Gang Jayawijaya No. 038
Ternate, Lampung 82933",Konghucu,belum menikah,Mahasiswa,WNI
8424343064383116,Chelsea Mardhiyah,Tasikmalaya,1999-11-25,Perempuan,A,"Jalan Rumah Sakit No. 372
Malang, JI 39467",Hindu,belum menikah,PNS,WNA
3596947389838638,Ana Budiman,Lhokseumawe,1939-07-11,Perempuan,A,"Gang Kutai No. 28
Kotamobagu, Sumatera Barat 81999",Konghucu,belum menikah,Mahasiswa,WNI
2471009908741234,Drs. Rahmi Yulianti,Bogor,1942-08-18,Laki-Laki,B,"Gg. Cihampelas No. 022
Lhokseumawe, PA 78064",Islam,cerai,Wiraswasta,WNA
4833740952651876,Ade Hardiansyah,Salatiga,1972-03-16,Perempuan,A,"Gg. Lembong No. 4
Pekalongan, KS 32093",Buddha,belum menikah,PNS,WNA
2345236229951219,"KH. Kasusra Natsir, S.Ked",Sawahlunto,1946-07-22,Laki-Laki,A,"Jl. Kutai No. 7
Kota Administrasi Jakarta Utara, Aceh 72597",Islam,belum menikah,PNS,WNA
6428109472034555,Usman Saefullah,Blitar,1993-01-02,Laki-Laki,AB,"Jl. Setiabudhi No. 79
Pariaman, SR 69149",Hindu,menikah,Pelajar,WNI
7837104357123538,Kenzie Wibisono,Probolinggo,2008-09-01,Perempuan,O,"Jl. Raya Ujungberung No. 45
Ternate, MA 44143",Kristen,cerai,Tidak Bekerja,WNA
1524203922723436,"Hj. Gilda Yuliarti, S.T.",Mojokerto,2016-12-03,Laki-Laki,A,"Jl. Rawamangun No. 867
Metro, Lampung 80145",Katolik,cerai,Tidak Bekerja,WNA
5752006186123529,dr. Titin Pranowo,Sukabumi,1938-10-20,Perempuan,B,"Gg. Pasirkoja No. 961
Semarang, DI Yogyakarta 79192",Kristen,cerai,Pelajar,WNI
7308692631305026,Darmana Agustina,Banjarbaru,1978-05-17,Laki-Laki,A,"Jl. Kutai No. 01
Banjarmasin, KU 83161",Buddha,menikah,Mahasiswa,WNA
8184422904886460,R. Nadia Usamah,Cilegon,2007-10-07,Laki-Laki,AB,"Gg. R.E Martadinata No. 93
Lubuklinggau, JT 41586",Hindu,cerai,Mahasiswa,WNA
0618651716269651,Ghani Setiawan,Cirebon,1974-09-11,Laki-Laki,B,"Gg. Cihampelas No. 99
Surabaya, KS 92059",Kristen,menikah,Pelajar,WNA
6778406788644185,"Tgk. Kayla Sihombing, S.H.",Kota Administrasi Jakarta Barat,2012-06-18,Perempuan,A,"Gg. Rawamangun No. 9
Subulussalam, AC 71310",Kristen,cerai,Mahasiswa,WNI
2750419343348340,"Titin Situmorang, S.T.",Tual,1957-11-02,Laki-Laki,B,"Jl. Tubagus Ismail No. 3
Semarang, Sumatera Utara 94888",Kristen,belum menikah,Karyawan Swasta,WNI
2596469934957135,Drs. Niyaga Napitupulu,Samarinda,1919-11-24,Perempuan,A,"Jalan Rungkut Industri No. 861
Subulussalam, Bali 56558",Hindu,belum menikah,Mahasiswa,WNA
9339285083223423,Kartika Sihombing,Pontianak,1942-11-08,Laki-Laki,A,"Jalan Rawamangun No. 940
Padang, Kalimantan Timur 05560",Buddha,cerai,Tidak Bekerja,WNA
0000919532670964,Limar Pratiwi,Kota Administrasi Jakarta Pusat,2005-11-14,Perempuan,O,"Gang Suryakencana No. 606
Padang Sidempuan, SS 80771",Buddha,menikah,Mahasiswa,WNI
7605993717349916,"Bakti Namaga, M.Farm",Surakarta,1910-09-15,Perempuan,A,"Jl. Ahmad Dahlan No. 720
Parepare, DKI Jakarta 27718",Katolik,belum menikah,Mahasiswa,WNI
4683482543324068,"Ir. Cawisadi Riyanti, S.Psi",Meulaboh,1923-07-27,Laki-Laki,A,"Gang Laswi No. 716
Tarakan, DI Yogyakarta 90580",Kristen,cerai,Pelajar,WNA
3334833093729520,Tantri Pudjiastuti,Binjai,1954-11-10,Laki-Laki,AB,"Gang Kiaracondong No. 113
Bandung, SU 87660",Hindu,cerai,Pelajar,WNA
8102799707059186,Labuh Sudiati,Padangpanjang,2018-03-10,Laki-Laki,O,"Jl. PHH. Mustofa No. 5
Jayapura, ST 43967",Hindu,menikah,Wiraswasta,WNA
2920404096403207,"Dr. Praba Anggraini, S.I.Kom",Bekasi,1951-04-14,Perempuan,A,"Jalan Suryakencana No. 4
Banjarmasin, Kalimantan Utara 90383",Hindu,belum menikah,Pelajar,WNI
0273960269923509,"Drs. Simon Suryono, S.Farm",Banda Aceh,1955-01-26,Perempuan,O,"Jalan Antapani Lama No. 365
Tual, Sumatera Selatan 37604",Kristen,cerai,Karyawan Swasta,WNA
3210631612533020,Hani Purnawati,Jambi,1948-11-14,Perempuan,AB,"Gg. Bangka Raya No. 6
Padang, Maluku 80063",Islam,belum menikah,Mahasiswa,WNI
8090840283503029,drg. Harja Prastuti,Payakumbuh,1977-06-30,Laki-Laki,B,"Gg. Jend. A. Yani No. 19
Salatiga, Sulawesi Tenggara 04339",Konghucu,belum menikah,Mahasiswa,WNI
5295046191629504,"Adika Tampubolon, S.E.",Pasuruan,2000-02-19,Laki-Laki,A,"Gg. Cikapayang No. 2
Kota Administrasi Jakarta Utara, KI 13781",Katolik,menikah,Mahasiswa,WNI
5795592398004022,R.M. Luhung Waskita,Metro,1942-12-31,Perempuan,O,"Gang Surapati No. 25
Serang, AC 04209",Katolik,belum menikah,Wiraswasta,WNI
6754523648946661,Ir. Yessi Dabukke,Batam,1990-09-19,Laki-Laki,A,"Gang Ahmad Yani No. 8
Singkawang, LA 34364",Islam,cerai,PNS,WNI
8931924516628879,Puspa Pradana,Bandung,2005-12-28,Laki-Laki,B,"Gg. Pacuan Kuda No. 380
Yogyakarta, PA 55497",Islam,cerai,Wiraswasta,WNA
8041335037307837,Tgk. Sabrina Andriani,Solok,1910-10-13,Perempuan,A,"Jl. Bangka Raya No. 2
Padang, Riau 05531",Buddha,belum menikah,Wiraswasta,WNI
0472841841219949,"Yono Riyanti, S.Farm",Sungai Penuh,2017-10-13,Perempuan,AB,"Gang Suniaraja No. 2
Kotamobagu, Kalimantan Tengah 41140",Konghucu,cerai,Pelajar,WNA
3983115163085927,Sabrina Purnawati,Pekanbaru,1911-11-14,Perempuan,B,"Jl. Cikapayang No. 3
Serang, SG 42545",Kristen,menikah,Pelajar,WNA
8261491989099656,Prasetyo Padmasari,Pasuruan,2013-11-21,Perempuan,A,"Jl. Moch. Ramdan No. 17
Cimahi, Kalimantan Utara 22484",Islam,cerai,Tidak Bekerja,WNA
9646019539472057,Ira Najmudin,Serang,2019-02-24,Laki-Laki,O,"Jalan Suryakencana No. 965
Pasuruan, BA 50916",Hindu,belum menikah,Tidak Bekerja,WNA
7619592746207514,R. Caket Nashiruddin,Tegal,1953-04-21,Perempuan,B,"Jalan Jend. A. Yani No. 63
Tangerang Selatan, Papua Barat 71022",Hindu,cerai,PNS,WNA
9771029133834299,Teguh Puspasari,Pasuruan,1978-03-22,Laki-Laki,O,"Gang Cempaka No. 5
Tomohon, SS 74844",Katolik,menikah,Mahasiswa,WNI
0386796545064959,Jayeng Nashiruddin,Pekalongan,1989-01-03,Laki-Laki,A,"Jalan Surapati No. 4
Banjar, Kalimantan Barat 26232",Islam,cerai,Wiraswasta,WNA
2783630627005375,"Maya Hardiansyah, S.E.",Mataram,1927-07-11,Laki-Laki,A,"Jl. Waringin No. 20
Kota Administrasi Jakarta Selatan, Jawa Barat 68613",Konghucu,menikah,Karyawan Swasta,WNA
9450963126914321,KH. Endra Narpati,Probolinggo,1969-05-11,Laki-Laki,O,"Gg. Otto Iskandardinata No. 92
Kota Administrasi Jakarta Barat, Nusa Tenggara Barat 74216",Hindu,menikah,Karyawan Swasta,WNI
2654800385231710,"Gandewa Habibi, M.Pd",Tebingtinggi,2015-12-15,Laki-Laki,B,"Gang Ciumbuleuit No. 3
Pangkalpinang, Sulawesi Barat 72793",Hindu,menikah,Pelajar,WNI
3436608297665436,Ana Oktaviani,Palembang,1979-11-19,Perempuan,B,"Jalan HOS. Cokroaminoto No. 2
Padang, DKI Jakarta 66070",Hindu,menikah,Wiraswasta,WNI
2206922554627527,Labuh Wibowo,Tasikmalaya,2016-05-20,Perempuan,O,"Jl. Pasir Koja No. 2
Manado, Papua Barat 01903",Konghucu,menikah,PNS,WNA
4850552111421910,Halima Lazuardi,Pematangsiantar,1961-11-19,Laki-Laki,A,"Jalan Erlangga No. 042
Metro, SR 84115",Kristen,belum menikah,PNS,WNA
0905714632352162,"Ami Tamba, M.Ak",Singkawang,1923-11-30,Laki-Laki,B,"Gg. Soekarno Hatta No. 160
Bandung, JA 92988",Hindu,cerai,Karyawan Swasta,WNA
7460099368158611,Elisa Namaga,Tidore Kepulauan,1920-08-17,Perempuan,AB,"Jl. Veteran No. 953
Subulussalam, Kalimantan Barat 52305",Hindu,menikah,Mahasiswa,WNA
0006487001421771,Hesti Usamah,Surakarta,1974-05-10,Laki-Laki,O,"Jalan Jayawijaya No. 445
Tomohon, Maluku 12280",Katolik,menikah,PNS,WNA
3498008909327173,Maida Wijaya,Sibolga,1978-07-20,Laki-Laki,A,"Jalan Merdeka No. 01
Jambi, Sulawesi Utara 58801",Kristen,cerai,Karyawan Swasta,WNA
4074074786578464,"R. Ifa Anggraini, S.Farm",Bekasi,2003-10-18,Laki-Laki,A,"Gg. Kebonjati No. 613
Pasuruan, Bali 12107",Kristen,cerai,Pelajar,WNA
3931277021063154,Uchita Usamah,Bogor,1982-01-17,Laki-Laki,B,"Gg. Antapani Lama No. 8
Ambon, PB 39596",Kristen,cerai,Karyawan Swasta,WNI
4153974674257843,"Drs. Vero Salahudin, S.E.I",Samarinda,2002-02-22,Perempuan,A,"Jl. Setiabudhi No. 52
Binjai, Jambi 56945",Katolik,belum menikah,Karyawan Swasta,WNA
6327109855909313,"Rina Palastri, S.Gz",Serang,1965-04-12,Perempuan,A,"Jalan Cikutra Timur No. 37
Bima, MU 29093",Kristen,belum menikah,Pelajar,WNA
5990808282343648,"Dr. Raharja Mayasari, M.Ak",Pematangsiantar,1909-07-13,Perempuan,O,"Jalan Rawamangun No. 89
Solok, Bengkulu 44182",Konghucu,menikah,Mahasiswa,WNI
4138318637305940,"R.M. Rafi Utama, M.TI.",Manado,2014-09-26,Perempuan,AB,"Jalan BKR No. 754
Lhokseumawe, Kalimantan Barat 55684",Hindu,menikah,Karyawan Swasta,WNI
5557241539322181,Pranata Mandasari,Tanjungpinang,1911-08-25,Laki-Laki,AB,"Gang Siliwangi No. 506
Pekalongan, Nusa Tenggara Barat 24625",Konghucu,cerai,Mahasiswa,WNA
8291284488514603,Imam Pratiwi,Sabang,2014-12-31,Perempuan,AB,"Gang Sadang Serang No. 7
Sibolga, Jawa Barat 45525",Konghucu,menikah,Mahasiswa,WNA
9388247604027828,Adikara Tampubolon,Kupang,1945-10-11,Laki-Laki,AB,"Jalan Raya Setiabudhi No. 020
Bengkulu, Kalimantan Tengah 10694",Hindu,cerai,Karyawan Swasta,WNA
2628221004308118,"Kawaya Yuliarti, M.Kom.",Kota Administrasi Jakarta Pusat,1998-11-04,Laki-Laki,AB,"Gg. Jend. A. Yani No. 325
Solok, PB 34931",Buddha,menikah,Wiraswasta,WNI
6248081245848033,Jasmin Kusumo,Bontang,2016-05-31,Perempuan,O,"Jalan Ciumbuleuit No. 438
Pasuruan, Lampung 49783",Konghucu,menikah,Karyawan Swasta,WNA
2645515579721256,Salsabila Pradipta,Pematangsiantar,1969-08-20,Perempuan,A,"Jl. Astana Anyar No. 36
Tebingtinggi, LA 78622",Konghucu,belum menikah,Pelajar,WNI
4850570860015976,Tgk. Banawa Wijayanti,Bukittinggi,1991-04-04,Perempuan,B,"Gang Dipatiukur No. 171
Solok, Jawa Barat 15973",Buddha,belum menikah,Wiraswasta,WNA
0968547229378162,Yulia Prasetyo,Tanjungbalai,1992-05-12,Laki-Laki,AB,"Gang Jamika No. 44
Tasikmalaya, SS 91016",Konghucu,belum menikah,Mahasiswa,WNA
7110653512310090,Kasiyah Suartini,Kota Administrasi Jakarta Utara,1980-03-18,Laki-Laki,AB,"Jalan Otto Iskandardinata No. 337
Palu, Maluku Utara 31948",Buddha,belum menikah,Tidak Bekerja,WNI
7871801294453649,Maya Marbun,Tanjungbalai,1966-10-01,Perempuan,A,"Gang Rumah Sakit No. 4
Kupang, JT 69018",Katolik,menikah,Mahasiswa,WNA
7759288355294928,Zelaya Thamrin,Purwokerto,2010-09-18,Laki-Laki,A,"Jalan Moch. Ramdan No. 66
Dumai, SU 59139",Konghucu,belum menikah,Karyawan Swasta,WNA
5052506632550065,Nugraha Saputra,Singkawang,1975-02-03,Perempuan,B,"Gg. BKR No. 3
Bontang, Sulawesi Barat 05415",Konghucu,menikah,Mahasiswa,WNA
1959288358586615,Zalindra Ardianto,Bima,1966-02-12,Perempuan,B,"Jalan Cikapayang No. 9
Cilegon, KT 36024",Islam,belum menikah,Tidak Bekerja,WNI
0929481936905182,"Agnes Dabukke, M.Ak",Mojokerto,1993-05-21,Perempuan,A,"Gg. W.R. Supratman No. 2
Sibolga, KT 85362",Islam,menikah,Karyawan Swasta,WNA
8912646283683177,Sari Uwais,Serang,1940-11-05,Laki-Laki,A,"Jalan Sadang Serang No. 7
Sukabumi, Jawa Barat 52217",Konghucu,belum menikah,Karyawan Swasta,WNI
2633287128911895,Tedi Ardianto,Denpasar,1939-11-12,Perempuan,AB,"Gang Abdul Muis No. 16
Palangkaraya, BA 50624",Hindu,cerai,Mahasiswa,WNI
6088985513388784,Dr. Rina Haryanti,Surakarta,1911-10-19,Laki-Laki,B,"Gg. Monginsidi No. 89
Cimahi, KS 41780",Katolik,menikah,Tidak Bekerja,WNI
6977215235906473,Prabowo Firmansyah,Pontianak,1937-10-17,Perempuan,B,"Jl. Ciwastra No. 936
Palangkaraya, MA 41811",Konghucu,cerai,Tidak Bekerja,WNA
7061199916093052,Bella Prabowo,Bengkulu,1969-03-28,Perempuan,O,"Gg. M.T Haryono No. 867
Dumai, Gorontalo 96236",Kristen,belum menikah,Mahasiswa,WNI
3961395506658803,Yani Hutasoit,Tangerang Selatan,1973-12-22,Laki-Laki,B,"Jl. M.T Haryono No. 61
Lhokseumawe, JI 44020",Kristen,menikah,Mahasiswa,WNA
1591251176843217,Gilang Hidayat,Ternate,1993-12-12,Laki-Laki,A,"Gang Rajawali Barat No. 905
Tegal, Kalimantan Utara 89348",Buddha,belum menikah,PNS,WNI
8176088324678557,Mustika Wibisono,Meulaboh,2022-09-14,Perempuan,A,"Jalan Suniaraja No. 286
Tangerang Selatan, SU 05356",Konghucu,cerai,Pelajar,WNA
3892224514118210,Ir. Abyasa Riyanti,Pagaralam,1913-10-18,Laki-Laki,AB,"Gg. Kebonjati No. 69
Magelang, Nusa Tenggara Barat 38142",Kristen,cerai,Tidak Bekerja,WNA
0938492057745251,Zelaya Wijayanti,Jambi,1968-06-14,Perempuan,O,"Jl. Gedebage Selatan No. 3
Tual, KT 17322",Katolik,belum menikah,Tidak Bekerja,WNA
8963632048654309,"Ir. Warsa Pangestu, S.I.Kom",Tomohon,2016-10-14,Perempuan,A,"Jl. K.H. Wahid Hasyim No. 64
Banjarbaru, Sulawesi Tengah 14640",Katolik,menikah,Pelajar,WNA
9125526153614652,"Aslijan Budiyanto, M.Pd",Palu,1992-12-11,Laki-Laki,AB,"Jl. Erlangga No. 08
Tanjungbalai, Papua 54354",Konghucu,cerai,Karyawan Swasta,WNI
3991046077791722,"Jatmiko Nuraini, M.M.",Palembang,1995-03-21,Perempuan,O,"Gang Pasirkoja No. 27
Pematangsiantar, Maluku Utara 27506",Katolik,menikah,Pelajar,WNA
0334888044237164,Qori Nainggolan,Bandung,1959-07-01,Laki-Laki,B,"Jl. Sukajadi No. 95
Purwokerto, KU 98411",Hindu,menikah,Tidak Bekerja,WNI
8839624874360198,"Cut Dinda Adriansyah, M.TI.",Kediri,2021-11-07,Laki-Laki,B,"Jl. Dipenogoro No. 6
Tegal, SN 57108",Hindu,cerai,Pelajar,WNI
2546676311902690,Drs. Lintang Zulaika,Manado,1972-07-14,Laki-Laki,O,"Gang Pacuan Kuda No. 42
Madiun, NT 21645",Katolik,cerai,Pelajar,WNA
4990982021261551,Digdaya Zulaika,Tual,1920-07-15,Laki-Laki,O,"Jl. BKR No. 2
Blitar, Sumatera Selatan 45998",Islam,menikah,PNS,WNA
0381208471126771,Dalima Nuraini,Cimahi,2021-12-29,Laki-Laki,O,"Jl. Gedebage Selatan No. 988
Sukabumi, NT 05370",Kristen,cerai,PNS,WNA
1765670304126309,dr. Yuliana Wasita,Kupang,1934-02-07,Laki-Laki,O,"Gang Setiabudhi No. 965
Banjar, JI 00650",Islam,menikah,PNS,WNI
7730053972145857,Ozy Hutapea,Metro,2002-05-04,Perempuan,O,"Jalan Raya Ujungberung No. 690
Purwokerto, Sumatera Selatan 27968",Buddha,belum menikah,Tidak Bekerja,WNA
5497979763838254,Cagak Samosir,Tanjungbalai,2021-12-02,Perempuan,A,"Jl. Erlangga No. 542
Banjarbaru, BE 05507",Katolik,belum menikah,Pelajar,WNA
8734456832843777,Lidya Nainggolan,Binjai,2023-12-14,Perempuan,A,"Jl. Ahmad Dahlan No. 770
Sungai Penuh, DI Yogyakarta 91718",Katolik,belum menikah,Pelajar,WNI
6791367497730461,T. Raditya Suartini,Sorong,2011-06-05,Perempuan,O,"Gg. S. Parman No. 63
Ternate, RI 11316",Islam,menikah,PNS,WNA
6980842542531987,Drs. Kalim Mulyani,Cilegon,1939-04-01,Laki-Laki,AB,"Jalan M.H Thamrin No. 8
Purwokerto, KR 17835",Kristen,menikah,PNS,WNA
7810603376038437,Michelle Lailasari,Sorong,1978-08-09,Laki-Laki,AB,"Jl. Jakarta No. 2
Bontang, PB 36858",Islam,menikah,Tidak Bekerja,WNA
9229165952731558,Cut Putri Marbun,Makassar,1938-05-05,Perempuan,B,"Jl. Jend. Sudirman No. 183
Makassar, Sumatera Selatan 74272",Katolik,cerai,Pelajar,WNA
4648538858582865,"Cinthia Maheswara, M.TI.",Tidore Kepulauan,1911-07-21,Laki-Laki,O,"Gg. Raya Setiabudhi No. 6
Balikpapan, Bengkulu 27351",Katolik,cerai,Tidak Bekerja,WNA
8378035681587423,Amelia Jailani,Bitung,1910-02-19,Laki-Laki,O,"Jl. Gegerkalong Hilir No. 612
Dumai, LA 09446",Hindu,cerai,Tidak Bekerja,WNI
8866929699755508,"R. Sakura Putra, M.TI.",Padang,1954-09-25,Laki-Laki,O,"Gg. Ciumbuleuit No. 62
Sabang, ST 99684",Kristen,belum menikah,Pelajar,WNA
8899272628765931,"Rina Najmudin, M.Kom.",Bogor,1957-01-23,Laki-Laki,B,"Jalan Kiaracondong No. 364
Pasuruan, PB 34301",Kristen,belum menikah,PNS,WNI
0020495427386628,"Ajeng Wibowo, M.Ak",Denpasar,1986-08-11,Perempuan,AB,"Jl. Surapati No. 6
Palu, KR 67298",Hindu,menikah,Mahasiswa,WNI
5140801491188610,"Dirja Hariyah, S.IP",Solok,2013-11-07,Perempuan,AB,"Gang H.J Maemunah No. 732
Blitar, PB 44324",Buddha,belum menikah,PNS,WNI
9500888656946127,"Ami Novitasari, S.E.I",Jayapura,1925-02-05,Laki-Laki,A,"Jalan Cikutra Timur No. 63
Kota Administrasi Jakarta Utara, KB 71236",Islam,menikah,Pelajar,WNI
2740906594695140,Ella Suwarno,Banjar,1911-01-18,Perempuan,A,"Gang Sentot Alibasa No. 4
Mataram, Jawa Timur 60113",Hindu,belum menikah,Pelajar,WNA
2725401629454024,"Dt. Endra Lazuardi, M.M.",Jambi,1963-12-07,Laki-Laki,B,"Jl. Kutisari Selatan No. 4
Mataram, Sulawesi Barat 69304",Hindu,menikah,PNS,WNI
3218551190528292,"Puti Jamalia Dongoran, S.I.Kom",Langsa,1922-12-07,Laki-Laki,B,"Jl. Cihampelas No. 98
Kota Administrasi Jakarta Selatan, LA 40267",Hindu,cerai,Tidak Bekerja,WNA
9465808431065756,Almira Namaga,Sibolga,1933-10-23,Laki-Laki,AB,"Jl. S. Parman No. 16
Samarinda, DI Yogyakarta 24717",Hindu,cerai,PNS,WNA
7385463691618487,"R.M. Kamal Melani, S.Psi",Pekalongan,1946-02-23,Perempuan,O,"Jalan Lembong No. 335
Tual, Sumatera Selatan 28401",Konghucu,cerai,Tidak Bekerja,WNA
2205912129747778,"Mulya Prabowo, M.Ak",Denpasar,2011-04-25,Perempuan,B,"Gang Cihampelas No. 9
Kupang, JI 85807",Kristen,cerai,Wiraswasta,WNA
0467004424275765,Zamira Winarsih,Tanjungpinang,1989-03-25,Laki-Laki,O,"Gang Jakarta No. 3
Sukabumi, Sulawesi Tenggara 70877",Hindu,cerai,Wiraswasta,WNI
7891007015389021,Cut Vicky Agustina,Palangkaraya,1965-12-31,Laki-Laki,A,"Jl. Ciumbuleuit No. 85
Padangpanjang, Riau 22889",Konghucu,belum menikah,PNS,WNI
6715084641476994,Unggul Mandala,Tegal,1920-03-06,Laki-Laki,B,"Jalan W.R. Supratman No. 1
Tarakan, Kalimantan Barat 77665",Kristen,cerai,Tidak Bekerja,WNI
6459549933006054,Parman Firmansyah,Kota Administrasi Jakarta Utara,2008-08-31,Laki-Laki,O,"Jalan Kapten Muslihat No. 765
Tegal, ST 64918",Islam,belum menikah,Karyawan Swasta,WNA
5541556217613980,"Banawi Aryani, S.Pt",Subulussalam,1998-02-16,Perempuan,B,"Jl. Tebet Barat Dalam No. 77
Pangkalpinang, SR 95151",Kristen,cerai,Wiraswasta,WNI
5970259780183817,Kayla Waluyo,Bengkulu,1911-01-18,Perempuan,AB,"Gang Dr. Djunjunan No. 76
Tanjungpinang, Sulawesi Tenggara 54495",Buddha,menikah,Pelajar,WNI
0119257732696644,Cawisadi Hastuti,Semarang,1950-10-02,Perempuan,AB,"Jl. Pasir Koja No. 777
Dumai, JB 93806",Islam,menikah,PNS,WNI
5076550680800278,"Leo Andriani, S.IP",Serang,1986-11-05,Laki-Laki,B,"Jalan Antapani Lama No. 4
Bogor, LA 30286",Islam,menikah,Karyawan Swasta,WNA
8421110720075393,"Cut Julia Hutapea, S.E.I",Tomohon,2022-04-05,Laki-Laki,B,"Jalan Kapten Muslihat No. 20
Surabaya, KS 58530",Katolik,cerai,Wiraswasta,WNA
4537491651834120,Qori Pratama,Bengkulu,1998-11-12,Perempuan,O,"Jalan Jakarta No. 898
Serang, GO 96169",Kristen,belum menikah,PNS,WNA
6280067261265615,"Dr. Latif Winarno, S.E.",Kotamobagu,1916-04-18,Laki-Laki,B,"Jalan Sentot Alibasa No. 178
Tarakan, Jawa Tengah 87714",Kristen,belum menikah,Tidak Bekerja,WNA
0437027664984831,"Makara Napitupulu, S.I.Kom",Probolinggo,1975-09-25,Laki-Laki,O,"Gg. Ciwastra No. 519
Dumai, Jawa Barat 93675",Konghucu,belum menikah,Wiraswasta,WNA
7655456597508402,Maryanto Siregar,Bekasi,1956-12-15,Laki-Laki,B,"Jalan S. Parman No. 664
Balikpapan, Aceh 89642",Kristen,cerai,PNS,WNA
6481380090249633,Capa Hidayat,Bitung,1938-08-05,Laki-Laki,B,"Gang Cihampelas No. 232
Tomohon, Sulawesi Tenggara 86596",Buddha,cerai,Mahasiswa,WNI
3780322497783584,Darijan Marpaung,Ternate,1919-03-02,Laki-Laki,B,"Jl. Jend. Sudirman No. 8
Bau-Bau, Jawa Timur 18756",Katolik,menikah,PNS,WNA
9055319123319216,Enteng Narpati,Gorontalo,2005-11-24,Perempuan,A,"Jalan Siliwangi No. 62
Jayapura, SU 76366",Buddha,cerai,Mahasiswa,WNI
6164135620605084,Michelle Prayoga,Pekanbaru,1917-08-14,Laki-Laki,AB,"Gg. BKR No. 22
Tanjungbalai, JI 74772",Islam,menikah,Karyawan Swasta,WNI
8638105597008705,Rahmi Santoso,Tangerang Selatan,1919-05-08,Laki-Laki,AB,"Jl. Abdul Muis No. 5
Surakarta, Bengkulu 69691",Kristen,belum menikah,PNS,WNA
2458748336818632,Puti Eva Puspasari,Magelang,2022-08-26,Perempuan,AB,"Jl. Suniaraja No. 0
Yogyakarta, Sulawesi Barat 12346",Islam,cerai,Pelajar,WNA
2622250676969126,Irwan Andriani,Magelang,1929-04-18,Perempuan,B,"Jl. Kebonjati No. 928
Pangkalpinang, Kepulauan Bangka Belitung 53646",Islam,belum menikah,Tidak Bekerja,WNI
1723594495519163,"R.M. Viktor Kurniawan, S.Kom",Pasuruan,1925-12-30,Laki-Laki,O,"Jalan Peta No. 32
Jayapura, Maluku 63703",Katolik,menikah,Wiraswasta,WNI
0484440792645085,Ghaliyati Habibi,Tarakan,2001-04-08,Laki-Laki,O,"Gang Peta No. 136
Tangerang Selatan, DI Yogyakarta 50939",Katolik,menikah,Mahasiswa,WNI
6477683509001116,Galuh Manullang,Kota Administrasi Jakarta Timur,1909-07-02,Perempuan,A,"Jl. Cihampelas No. 05
Lubuklinggau, BA 02155",Kristen,belum menikah,Tidak Bekerja,WNI
4822075699782873,"Cut Yessi Wahyuni, S.T.",Bandung,1935-03-19,Perempuan,AB,"Jalan S. Parman No. 5
Banjar, NT 38622",Islam,belum menikah,Wiraswasta,WNI
6923445801181493,Jarwadi Dongoran,Purwokerto,1937-01-06,Perempuan,O,"Gang Surapati No. 8
Bima, NB 51966",Katolik,cerai,Pelajar,WNI
0401987844839485,Ibrahim Manullang,Sukabumi,1915-08-22,Laki-Laki,O,"Jl. Monginsidi No. 828
Salatiga, Kalimantan Timur 75224",Islam,cerai,Wiraswasta,WNA
9374702359865194,Maya Hidayanto,Sukabumi,1955-11-23,Laki-Laki,O,"Gang Otto Iskandardinata No. 426
Tidore Kepulauan, PB 35790",Islam,cerai,Wiraswasta,WNI
9482791735819226,"dr. Rina Mahendra, S.Pt",Cirebon,2010-08-02,Perempuan,O,"Jl. HOS. Cokroaminoto No. 77
Lubuklinggau, Bali 40535",Islam,cerai,Mahasiswa,WNA
7636851560839835,Tgk. Vicky Anggriawan,Parepare,1982-06-21,Laki-Laki,O,"Gg. Moch. Toha No. 959
Banjarmasin, Kalimantan Utara 24117",Katolik,menikah,Karyawan Swasta,WNA
1002581873894838,Kala Lestari,Tanjungpinang,1913-11-01,Perempuan,A,"Gg. Soekarno Hatta No. 697
Solok, Banten 78524",Kristen,menikah,Tidak Bekerja,WNI
1466456888277906,"Bahuwarna Mardhiyah, S.Pd",Palopo,1972-02-09,Laki-Laki,B,"Jalan Medokan Ayu No. 0
Cirebon, Papua 72823",Islam,cerai,Tidak Bekerja,WNI
7164157727860129,Lantar Laksmiwati,Pontianak,1938-12-20,Perempuan,O,"Gg. Antapani Lama No. 00
Bogor, Nusa Tenggara Barat 48312",Kristen,cerai,Tidak Bekerja,WNA
5017742517099694,Sutan Gangsa Yuliarti,Surakarta,2023-12-24,Laki-Laki,O,"Jalan Rumah Sakit No. 46
Blitar, Nusa Tenggara Barat 88301",Kristen,menikah,Karyawan Swasta,WNA
5304117727206870,Yulia Prasetyo,Kendari,1914-03-03,Laki-Laki,AB,"Jalan Waringin No. 320
Tangerang, RI 98249",Buddha,cerai,Wiraswasta,WNI
0078778419579987,Nugraha Prastuti,Bengkulu,2016-05-22,Laki-Laki,O,"Gg. Ciumbuleuit No. 837
Pekanbaru, AC 28206",Kristen,cerai,PNS,WNA
2621592159211114,"Cut Ella Pradipta, S.Kom",Kota Administrasi Jakarta Selatan,2004-04-24,Perempuan,B,"Jl. Kendalsari No. 3
Tidore Kepulauan, Bengkulu 68059",Konghucu,cerai,Mahasiswa,WNI
3516426069719267,dr. Yani Rahimah,Bukittinggi,1940-04-27,Perempuan,AB,"Gang Moch. Toha No. 294
Bau-Bau, Gorontalo 38241",Kristen,belum menikah,Pelajar,WNA
6886192696545431,Kamila Halim,Kediri,1920-02-28,Perempuan,A,"Gang Lembong No. 5
Bandar Lampung, KS 03158",Konghucu,belum menikah,Wiraswasta,WNA
3672074452870853,"Capa Iswahyudi, M.Farm",Bitung,1934-04-22,Laki-Laki,AB,"Gg. S. Parman No. 489
Makassar, JT 52704",Buddha,cerai,Wiraswasta,WNA
6700425321579406,Ghani Hidayat,Kota Administrasi Jakarta Selatan,1918-03-24,Perempuan,O,"Jl. Jakarta No. 7
Tegal, Kalimantan Timur 27992",Islam,belum menikah,Karyawan Swasta,WNI
7748437041983165,R.A. Siti Anggriawan,Bukittinggi,1931-05-12,Perempuan,B,"Jalan Sadang Serang No. 241
Makassar, Papua 78759",Buddha,belum menikah,Wiraswasta,WNI
4823559338137392,Virman Thamrin,Sukabumi,1970-03-13,Perempuan,B,"Jl. Soekarno Hatta No. 7
Sorong, JK 51139",Buddha,cerai,Karyawan Swasta,WNA
1447008309476952,R. Johan Utami,Banjarbaru,1949-06-21,Perempuan,B,"Jl. Suryakencana No. 97
Bitung, AC 58030",Islam,cerai,Wiraswasta,WNI
5556528126105211,Tgk. Jagapati Haryanti,Bontang,2015-03-24,Perempuan,AB,"Jalan Veteran No. 713
Bontang, Jambi 96715",Islam,belum menikah,Tidak Bekerja,WNI
9639436677565355,"Dr. Hartaka Palastri, M.Ak",Pagaralam,1978-04-22,Perempuan,B,"Jalan Antapani Lama No. 63
Palangkaraya, SB 31738",Hindu,cerai,PNS,WNI
6418636810327725,"Dr. Okto Wastuti, S.Gz",Banjar,1915-03-23,Perempuan,O,"Gang Rungkut Industri No. 1
Singkawang, KB 44496",Hindu,menikah,Tidak Bekerja,WNA
7146448573302005,Umi Andriani,Tidore Kepulauan,1949-08-19,Perempuan,AB,"Gang H.J Maemunah No. 567
Surakarta, SS 45646",Katolik,belum menikah,PNS,WNA
8287079900719507,Wani Hutagalung,Singkawang,1910-12-15,Perempuan,AB,"Gg. R.E Martadinata No. 47
Pagaralam, Nusa Tenggara Barat 75243",Kristen,cerai,Karyawan Swasta,WNA
0934212277988591,Ulya Wastuti,Lubuklinggau,1980-03-12,Laki-Laki,B,"Jl. Setiabudhi No. 129
Balikpapan, YO 87600",Hindu,menikah,Pelajar,WNA
9988338605888768,Ilsa Nashiruddin,Bontang,1937-09-01,Laki-Laki,B,"Gang Cikutra Barat No. 83
Makassar, KS 02120",Islam,menikah,PNS,WNA
9931239881031876,Bakiono Mustofa,Kota Administrasi Jakarta Timur,2021-10-25,Laki-Laki,O,"Jalan Gardujati No. 33
Tomohon, BE 42150",Buddha,cerai,Karyawan Swasta,WNA
3748574255653641,"Olivia Mangunsong, S.Ked",Cirebon,1931-08-12,Perempuan,O,"Jalan Jend. A. Yani No. 36
Cirebon, JA 33715",Konghucu,belum menikah,Pelajar,WNI
1278851381178280,"drg. Icha Wacana, S.Psi",Palopo,2006-09-24,Perempuan,AB,"Jl. Cikapayang No. 34
Kota Administrasi Jakarta Timur, MU 54847",Kristen,belum menikah,Wiraswasta,WNA
0005676981590608,Wardi Tampubolon,Cimahi,1965-01-02,Laki-Laki,A,"Gg. Raya Ujungberung No. 881
Cilegon, RI 28509",Katolik,menikah,Pelajar,WNI
0500747984089452,Clara Sitorus,Dumai,1935-11-04,Laki-Laki,B,"Gang Ciwastra No. 228
Bengkulu, Kalimantan Utara 99509",Katolik,menikah,Karyawan Swasta,WNA
7055699267058946,Winda Permata,Makassar,1980-11-09,Laki-Laki,AB,"Jl. Rajawali Timur No. 95
Sawahlunto, Jawa Barat 51889",Konghucu,belum menikah,PNS,WNA
6215824501936736,"Faizah Dabukke, S.I.Kom",Tegal,1955-03-18,Laki-Laki,AB,"Gg. Ir. H. Djuanda No. 5
Pasuruan, Kepulauan Riau 02781",Konghucu,cerai,PNS,WNI
2193273339519942,Mahmud Melani,Payakumbuh,2003-03-19,Laki-Laki,A,"Gang Abdul Muis No. 611
Lubuklinggau, SB 79568",Konghucu,menikah,PNS,WNI
8103549522084536,Salsabila Maheswara,Bukittinggi,2005-03-07,Perempuan,AB,"Gang Pasteur No. 580
Semarang, BE 21410",Konghucu,cerai,PNS,WNI
8866963426294159,"Hasim Rahayu, S.Sos",Depok,1997-09-13,Laki-Laki,AB,"Gang BKR No. 0
Magelang, KR 47192",Katolik,belum menikah,Karyawan Swasta,WNI
8332960978791343,Teguh Saefullah,Cilegon,1910-07-26,Perempuan,O,"Gg. Veteran No. 865
Batu, SB 69508",Kristen,cerai,PNS,WNI
0492269251538825,Gading Pudjiastuti,Cilegon,1969-09-05,Laki-Laki,O,"Gg. Raya Setiabudhi No. 59
Palopo, Sumatera Barat 45784",Buddha,menikah,Pelajar,WNI
9597550068532700,"Cici Puspita, S.Psi",Kediri,2018-10-11,Laki-Laki,A,"Jl. Wonoayu No. 493
Palangkaraya, LA 80770",Katolik,belum menikah,PNS,WNA
9787446960734620,"dr. Prabu Rajasa, S.E.",Bandar Lampung,1942-04-10,Perempuan,A,"Gang Pasteur No. 1
Tidore Kepulauan, Bengkulu 24090",Katolik,menikah,Karyawan Swasta,WNA
5434013705968934,Heru Halimah,Batu,1926-07-18,Laki-Laki,A,"Gg. HOS. Cokroaminoto No. 5
Cilegon, Jambi 95081",Katolik,cerai,Pelajar,WNA
9567383701003825,dr. Dagel Wacana,Pekalongan,1966-01-11,Perempuan,O,"Jalan Surapati No. 76
Pariaman, KB 22328",Hindu,menikah,Wiraswasta,WNA
9514568636747671,Edi Palastri,Samarinda,1968-02-01,Perempuan,AB,"Gang Merdeka No. 79
Bogor, KT 76155",Konghucu,belum menikah,Karyawan Swasta,WNA
0353598927791042,dr. Jamalia Purwanti,Jayapura,1911-06-21,Perempuan,O,"Jalan Pasteur No. 0
Kota Administrasi Jakarta Pusat, RI 26168",Buddha,cerai,Wiraswasta,WNA
1874523369188495,Raina Wahyudin,Jayapura,1919-12-10,Laki-Laki,B,"Gang Jayawijaya No. 9
Lhokseumawe, JT 71211",Buddha,menikah,Karyawan Swasta,WNA
8167969702023355,"Elisa Laksita, M.M.",Semarang,1999-09-19,Perempuan,AB,"Jl. Antapani Lama No. 1
Makassar, SU 80074",Hindu,cerai,Pelajar,WNI
5083767262711468,Panji Nuraini,Surakarta,2003-01-29,Laki-Laki,B,"Gang Cikapayang No. 6
Surakarta, Sumatera Utara 39989",Konghucu,cerai,Karyawan Swasta,WNA
3423860663325068,Lantar Saptono,Malang,1927-11-19,Laki-Laki,AB,"Gang Rajiman No. 0
Solok, Bengkulu 75801",Islam,cerai,PNS,WNI
4173503799389724,"Elisa Anggraini, S.Ked",Bekasi,1943-03-28,Laki-Laki,AB,"Gang Cikutra Barat No. 450
Serang, Sulawesi Barat 66231",Islam,cerai,Pelajar,WNA
0797766540979139,Teguh Pradana,Langsa,1909-04-20,Perempuan,AB,"Jl. Tubagus Ismail No. 628
Pekanbaru, Lampung 22994",Katolik,belum menikah,Pelajar,WNA
2503330280335524,"Restu Saputra, S.I.Kom",Probolinggo,1959-01-26,Perempuan,A,"Jalan Kutisari Selatan No. 67
Cilegon, SU 12292",Islam,belum menikah,Wiraswasta,WNA
9253256765751938,dr. Argono Uyainah,Sabang,1937-01-21,Perempuan,A,"Jl. Jakarta No. 609
Banjarbaru, RI 73250",Kristen,cerai,Wiraswasta,WNI
5981027090639824,Patricia Megantara,Bukittinggi,1969-01-24,Perempuan,O,"Jalan BKR No. 714
Balikpapan, Lampung 93900",Hindu,cerai,Wiraswasta,WNI
9140729565792445,"Kusuma Lailasari, M.Kom.",Medan,1916-09-03,Perempuan,A,"Jl. Sukajadi No. 370
Kediri, BE 50658",Islam,belum menikah,Karyawan Swasta,WNA
8778575536180946,Saka Kuswandari,Bukittinggi,2010-05-27,Perempuan,A,"Gang Suniaraja No. 84
Bau-Bau, Sulawesi Barat 96078",Konghucu,cerai,Wiraswasta,WNA
6266611517218716,Jatmiko Tarihoran,Bogor,1989-06-30,Laki-Laki,AB,"Gang KH Amin Jasuta No. 673
Bau-Bau, KU 68726",Konghucu,menikah,Karyawan Swasta,WNA
6515699325883708,Dirja Budiman,Kotamobagu,2017-09-25,Laki-Laki,B,"Gg. Cikutra Barat No. 741
Makassar, Aceh 31183",Islam,cerai,PNS,WNA
9226254267876717,Baktiono Sitorus,Bandar Lampung,1925-09-23,Perempuan,O,"Jalan M.T Haryono No. 79
Ternate, NB 01963",Katolik,cerai,Tidak Bekerja,WNA
2914491278457439,"Dr. Garan Mayasari, M.Farm",Mojokerto,1930-01-28,Laki-Laki,AB,"Gang R.E Martadinata No. 6
Palopo, Sulawesi Utara 55446",Kristen,cerai,Mahasiswa,WNI
6674564648785290,Citra Kusumo,Kota Administrasi Jakarta Barat,1916-09-22,Laki-Laki,A,"Gang Antapani Lama No. 7
Gorontalo, NB 82125",Buddha,menikah,Wiraswasta,WNA
3047145835596093,Dalimin Sitompul,Padangpanjang,1960-03-19,Perempuan,A,"Jalan Rawamangun No. 700
Palopo, SU 38386",Kristen,cerai,Tidak Bekerja,WNA
6337659851275637,"Usman Wahyudin, S.Gz",Manado,1911-09-02,Laki-Laki,A,"Gg. Jend. A. Yani No. 81
Prabumulih, Gorontalo 14468",Buddha,menikah,Pelajar,WNA
7492097480936594,Rina Padmasari,Batam,1927-09-27,Laki-Laki,O,"Jl. Setiabudhi No. 962
Meulaboh, BA 36306",Buddha,menikah,Tidak Bekerja,WNA
5373551185148351,"R.A. Paris Suryono, S.Psi",Makassar,1958-06-12,Laki-Laki,O,"Gang Asia Afrika No. 9
Solok, Sumatera Barat 92308",Katolik,belum menikah,Pelajar,WNI
3943546205838255,Mahdi Winarno,Jayapura,1956-04-17,Perempuan,B,"Jalan Monginsidi No. 45
Bau-Bau, SN 22784",Buddha,cerai,PNS,WNI
5594453677098591,Tina Yuliarti,Lhokseumawe,1973-06-19,Laki-Laki,AB,"Jl. M.T Haryono No. 8
Kota Administrasi Jakarta Pusat, JT 26366",Hindu,belum menikah,Wiraswasta,WNI
9739758515043206,R.A. Laras Waluyo,Banjarmasin,1917-12-19,Perempuan,A,"Jalan Ciumbuleuit No. 69
Padang, Sumatera Utara 27040",Kristen,cerai,Mahasiswa,WNI
0100566953745925,"Yessi Mangunsong, S.Farm",Batam,1979-03-26,Laki-Laki,A,"Jl. Sukabumi No. 073
Kota Administrasi Jakarta Timur, Jawa Tengah 87640",Buddha,cerai,Wiraswasta,WNI
5845538568848748,"H. Darimin Nuraini, S.Sos",Ambon,1952-11-08,Laki-Laki,A,"Gg. Sukajadi No. 523
Tomohon, KT 72724",Buddha,menikah,Wiraswasta,WNI
7471631320427353,Tina Fujiati,Bandar Lampung,1967-01-26,Perempuan,B,"Jl. Dr. Djunjunan No. 35
Cimahi, Sumatera Selatan 83463",Kristen,cerai,Pelajar,WNI
9313275559792056,Titi Sudiati,Samarinda,1947-07-21,Laki-Laki,A,"Jl. Yos Sudarso No. 533
Pekanbaru, Sulawesi Tenggara 45706",Katolik,belum menikah,Pelajar,WNI
3809739208785620,drg. Farah Prasetya,Metro,1995-02-02,Laki-Laki,B,"Jl. Rungkut Industri No. 691
Prabumulih, Bali 04134",Hindu,cerai,Mahasiswa,WNA
0680202979914728,"Karimah Yuliarti, S.Ked",Bandar Lampung,1928-09-03,Laki-Laki,B,"Jl. Joyoboyo No. 98
Langsa, AC 54006",Katolik,cerai,PNS,WNI
8308252563367346,Dian Mangunsong,Batam,2023-09-11,Perempuan,A,"Jalan Rajiman No. 13
Tanjungbalai, Jawa Barat 55222",Islam,belum menikah,Mahasiswa,WNA
1404445377748564,Cut Puji Hartati,Sungai Penuh,1983-03-28,Laki-Laki,B,"Gg. Pacuan Kuda No. 8
Serang, Jambi 85604",Buddha,cerai,Wiraswasta,WNA
6545747294247847,Makuta Prasetyo,Magelang,2000-07-28,Perempuan,O,"Jl. Jayawijaya No. 98
Kediri, Lampung 23846",Buddha,menikah,Pelajar,WNI
6781119399586172,Mujur Pradipta,Cimahi,1941-11-03,Laki-Laki,B,"Jl. Monginsidi No. 901
Tangerang, Gorontalo 53831",Konghucu,cerai,Mahasiswa,WNI
3094911795287094,"Ajimin Pradipta, S.I.Kom",Blitar,1963-07-28,Perempuan,O,"Jalan Setiabudhi No. 1
Padang, Sulawesi Tengah 15145",Buddha,cerai,Mahasiswa,WNA
9848791772905019,Janet Kurniawan,Solok,1943-01-11,Perempuan,A,"Jl. Kiaracondong No. 4
Tangerang Selatan, Jawa Timur 82000",Buddha,cerai,Tidak Bekerja,WNA
6691968591570558,R.M. Karya Wastuti,Medan,1962-05-23,Perempuan,AB,"Gang M.T Haryono No. 72
Banjarbaru, RI 82352",Islam,cerai,Wiraswasta,WNA
5651403316064350,Jail Wijaya,Palopo,1926-07-20,Laki-Laki,AB,"Jalan Dipenogoro No. 13
Madiun, Lampung 61650",Buddha,menikah,Mahasiswa,WNA
3493236931584561,Cager Sihotang,Langsa,1954-01-22,Laki-Laki,A,"Gg. HOS. Cokroaminoto No. 669
Padang, MU 96906",Buddha,menikah,Tidak Bekerja,WNI
8998979318254575,"Dt. Upik Ardianto, S.E.",Denpasar,1969-07-22,Laki-Laki,B,"Jl. Soekarno Hatta No. 877
Meulaboh, Nusa Tenggara Timur 35868",Hindu,menikah,Pelajar,WNA
2367266466659800,dr. Sarah Pangestu,Dumai,2016-09-26,Perempuan,A,"Gg. H.J Maemunah No. 776
Tual, PA 66309",Hindu,menikah,Tidak Bekerja,WNA
5897010676911040,Farhunnisa Irawan,Bogor,1996-11-27,Perempuan,B,"Gang Rumah Sakit No. 22
Pematangsiantar, Gorontalo 12890",Islam,cerai,Mahasiswa,WNA
2469889847661052,"Iriana Andriani, S.E.",Bengkulu,2015-06-24,Perempuan,AB,"Jl. Tebet Barat Dalam No. 716
Ternate, KU 27853",Konghucu,menikah,Pelajar,WNI
7526607169047760,Ir. Natalia Firmansyah,Sungai Penuh,2001-07-28,Laki-Laki,AB,"Gg. Jend. Sudirman No. 64
Solok, SS 85494",Buddha,cerai,Karyawan Swasta,WNI
1102038560092626,"Drs. Ami Nainggolan, M.M.",Palu,1992-08-30,Perempuan,O,"Jalan Rajawali Timur No. 1
Madiun, Kalimantan Selatan 79412",Buddha,menikah,Mahasiswa,WNA
0665214297322980,"Ir. Unjani Rahmawati, S.IP",Meulaboh,1947-05-27,Perempuan,A,"Gg. Pasirkoja No. 93
Kota Administrasi Jakarta Timur, SU 91866",Islam,cerai,Pelajar,WNI
4080722938850020,Rahmi Kusmawati,Bukittinggi,1990-04-04,Perempuan,AB,"Jl. Jakarta No. 83
Kendari, SS 67230",Konghucu,cerai,Tidak Bekerja,WNI
1727677500284076,"Chelsea Gunawan, S.Sos",Batam,1928-03-23,Laki-Laki,B,"Jalan Ciumbuleuit No. 750
Bau-Bau, Sulawesi Tenggara 90778",Katolik,cerai,Wiraswasta,WNA
8701299898867365,Tirtayasa Widiastuti,Banjarbaru,1988-09-06,Laki-Laki,B,"Gang M.H Thamrin No. 016
Mojokerto, Jawa Timur 91429",Islam,cerai,Wiraswasta,WNA
3138324621543761,Lalita Nurdiyanti,Dumai,2003-03-15,Laki-Laki,B,"Gang Ciumbuleuit No. 62
Tidore Kepulauan, Jawa Tengah 95632",Hindu,menikah,Tidak Bekerja,WNI
0545168070286649,Dr. Ilsa Zulaika,Cimahi,2022-01-10,Perempuan,AB,"Gg. M.H Thamrin No. 377
Kupang, JA 88196",Katolik,belum menikah,Mahasiswa,WNA
8156416270595194,"drg. Nadia Hardiansyah, S.T.",Pekalongan,1987-03-21,Laki-Laki,B,"Gg. Bangka Raya No. 035
Sabang, Gorontalo 48945",Hindu,belum menikah,Pelajar,WNA
4986565757173092,"Karman Santoso, S.E.",Palangkaraya,1950-02-13,Laki-Laki,AB,"Gg. Ronggowarsito No. 48
Metro, Sumatera Utara 81371",Konghucu,menikah,PNS,WNA
4735297729930639,"Jatmiko Utami, S.Kom",Palu,1966-01-20,Perempuan,B,"Gang Kapten Muslihat No. 65
Jambi, LA 34496",Islam,belum menikah,Pelajar,WNA
7587032070276470,"Drs. Satya Permadi, S.T.",Singkawang,1997-11-14,Laki-Laki,B,"Jl. M.T Haryono No. 0
Metro, Jawa Tengah 62711",Konghucu,menikah,Tidak Bekerja,WNI
2054529456960460,"Wakiman Sihombing, S.Kom",Langsa,1969-08-02,Laki-Laki,B,"Gg. Medokan Ayu No. 29
Kupang, Nusa Tenggara Timur 08380",Buddha,belum menikah,Wiraswasta,WNI
6820600890716281,Puti Safina Kusumo,Prabumulih,1935-09-07,Laki-Laki,A,"Gang Pacuan Kuda No. 625
Madiun, Kalimantan Tengah 41171",Islam,belum menikah,PNS,WNI
8775227324199876,Bakiadi Firmansyah,Tual,2005-10-29,Perempuan,AB,"Jl. Veteran No. 27
Padang, NB 47440",Katolik,cerai,PNS,WNA
4534680371692567,Hj. Anita Napitupulu,Bengkulu,1966-10-27,Laki-Laki,A,"Jl. Ir. H. Djuanda No. 480
Mataram, SB 40256",Katolik,cerai,Mahasiswa,WNA
9954554157076940,Septi Rahimah,Tebingtinggi,1961-02-07,Perempuan,AB,"Jl. Antapani Lama No. 5
Tomohon, Jawa Barat 65141",Buddha,menikah,PNS,WNA
4680131074999902,"R.M. Aris Lestari, M.Farm",Serang,1938-03-14,Laki-Laki,A,"Jl. Gardujati No. 0
Gorontalo, MU 18203",Hindu,belum menikah,Karyawan Swasta,WNI
3928373485155696,"Olivia Wijayanti, S.Sos",Kendari,2009-03-06,Perempuan,O,"Jalan BKR No. 658
Tarakan, Sulawesi Utara 58033",Islam,belum menikah,Mahasiswa,WNI
6465515442673854,Elma Santoso,Cilegon,1955-10-24,Laki-Laki,O,"Gang Pasirkoja No. 242
Bau-Bau, Gorontalo 64816",Hindu,cerai,Pelajar,WNA
7951285945172937,"Zelaya Hidayat, M.M.",Blitar,2003-09-20,Perempuan,B,"Jl. Suryakencana No. 01
Tidore Kepulauan, GO 58420",Katolik,cerai,Mahasiswa,WNI
6872924999654362,"drg. Amelia Mardhiyah, S.IP",Kotamobagu,1914-09-28,Laki-Laki,B,"Jalan Setiabudhi No. 6
Kota Administrasi Jakarta Timur, Sumatera Selatan 14574",Katolik,cerai,Karyawan Swasta,WNI
6334741725020766,Devi Rahimah,Singkawang,1943-10-24,Laki-Laki,O,"Gang Suryakencana No. 4
Kota Administrasi Jakarta Timur, KR 97135",Konghucu,belum menikah,Wiraswasta,WNI
4003809531094463,Martana Hartati,Sibolga,2002-09-28,Perempuan,B,"Gg. HOS. Cokroaminoto No. 270
Meulaboh, Aceh 80464",Islam,belum menikah,Wiraswasta,WNI
3576316548718165,Siska Wulandari,Blitar,1997-07-02,Laki-Laki,B,"Gg. Jend. A. Yani No. 570
Mataram, DI Yogyakarta 68863",Konghucu,belum menikah,Karyawan Swasta,WNA
7615996854155001,Lukita Latupono,Sawahlunto,1974-04-11,Laki-Laki,O,"Gg. KH Amin Jasuta No. 9
Kota Administrasi Jakarta Utara, Kalimantan Timur 87112",Konghucu,cerai,Pelajar,WNI
8460578925209725,"Ellis Sudiati, S.H.",Tangerang,2009-09-04,Laki-Laki,B,"Jalan Abdul Muis No. 456
Bima, Kepulauan Riau 47454",Katolik,menikah,Tidak Bekerja,WNI
7159578172204864,Niyaga Waluyo,Palopo,1972-01-14,Laki-Laki,AB,"Jl. Moch. Toha No. 99
Padang Sidempuan, Gorontalo 53964",Konghucu,menikah,Mahasiswa,WNI
4493706943795591,Farhunnisa Prakasa,Langsa,1990-04-01,Laki-Laki,AB,"Gang Setiabudhi No. 9
Pekanbaru, Nusa Tenggara Barat 76677",Konghucu,belum menikah,Wiraswasta,WNI
2170808282617989,Hani Anggraini,Banda Aceh,2016-08-23,Laki-Laki,B,"Gang Pelajar Pejuang No. 0
Padang, Jawa Timur 37837",Islam,belum menikah,Karyawan Swasta,WNA
0439301865848766,Rafi Waluyo,Bau-Bau,1934-11-19,Laki-Laki,O,"Jalan R.E Martadinata No. 051
Bandar Lampung, Sumatera Barat 65981",Hindu,cerai,Tidak Bekerja,WNA
8704898660715319,Dr. Lintang Mandala,Prabumulih,1939-05-06,Laki-Laki,A,"Jalan Ronggowarsito No. 9
Pontianak, JT 33699",Hindu,cerai,Wiraswasta,WNA
4629336015775252,Ade Permadi,Makassar,1936-02-13,Perempuan,A,"Jalan Sentot Alibasa No. 43
Pangkalpinang, Sulawesi Barat 15719",Buddha,menikah,PNS,WNI
2482031091173033,Hj. Salsabila Gunarto,Padangpanjang,2018-12-12,Perempuan,A,"Jl. Pelajar Pejuang No. 343
Mojokerto, Lampung 25178",Konghucu,menikah,Mahasiswa,WNA
5555672265494866,"drg. Ciaobella Habibi, S.Pt",Kupang,1923-12-05,Perempuan,O,"Gang Jakarta No. 1
Sorong, YO 30126",Islam,menikah,Karyawan Swasta,WNA
3489374597903042,Tgk. Ika Susanti,Madiun,1992-07-30,Laki-Laki,AB,"Jalan Moch. Toha No. 5
Padang, Papua 09059",Islam,belum menikah,Wiraswasta,WNA
0648218718802824,Sarah Sihombing,Dumai,1917-03-15,Laki-Laki,O,"Jalan Sukabumi No. 5
Parepare, BA 20653",Katolik,belum menikah,Tidak Bekerja,WNI
5046305008504812,"Septi Rajasa, M.TI.",Mojokerto,1933-12-03,Laki-Laki,O,"Gang Ronggowarsito No. 8
Serang, SS 39898",Konghucu,menikah,Wiraswasta,WNA
7663891892873647,Galih Gunawan,Balikpapan,1973-10-23,Perempuan,O,"Jalan Cikapayang No. 238
Pariaman, Kalimantan Timur 53148",Buddha,cerai,Pelajar,WNA
2078445254489306,Carla Tarihoran,Bengkulu,1960-03-18,Perempuan,AB,"Gang Kutai No. 457
Bandung, SR 13028",Konghucu,belum menikah,Karyawan Swasta,WNI
7540689325235823,Taswir Aryani,Palembang,1909-09-05,Perempuan,A,"Gang Suryakencana No. 165
Batam, KS 00973",Hindu,belum menikah,Mahasiswa,WNI
8701921100938363,Ilyas Sudiati,Yogyakarta,1953-08-08,Laki-Laki,AB,"Jalan HOS. Cokroaminoto No. 00
Manado, SR 37088",Islam,belum menikah,Wiraswasta,WNA
7199235674766202,Martani Kuswoyo,Bukittinggi,1926-02-23,Perempuan,AB,"Jl. Pacuan Kuda No. 30
Subulussalam, Kepulauan Bangka Belitung 91106",Hindu,belum menikah,Pelajar,WNI
1443463767788284,Adiarja Maryadi,Balikpapan,1977-11-10,Laki-Laki,B,"Jalan Joyoboyo No. 65
Semarang, Sulawesi Tengah 60787",Islam,belum menikah,Mahasiswa,WNI
7116378926297296,Viman Widiastuti,Palu,2019-02-28,Laki-Laki,B,"Gg. H.J Maemunah No. 904
Magelang, Sulawesi Selatan 21894",Konghucu,cerai,Karyawan Swasta,WNA
4857930687466506,Langgeng Wahyuni,Prabumulih,1931-12-17,Perempuan,B,"Jl. Merdeka No. 121
Banjarbaru, SB 91221",Katolik,belum menikah,Mahasiswa,WNI
1484456079758852,Faizah Siregar,Tomohon,1931-06-30,Perempuan,A,"Jalan Jamika No. 589
Kediri, LA 96925",Hindu,menikah,Mahasiswa,WNA
9014367031853436,T. Anom Kuswoyo,Pangkalpinang,1962-08-06,Laki-Laki,AB,"Gg. Yos Sudarso No. 010
Pekalongan, KR 73983",Hindu,belum menikah,PNS,WNI
4764105512521327,"Tgk. Kusuma Anggraini, S.IP",Tual,1938-12-24,Laki-Laki,AB,"Gg. Sentot Alibasa No. 464
Lhokseumawe, NT 38251",Hindu,menikah,Tidak Bekerja,WNI
0589760607189337,"Usman Salahudin, S.Pd",Sabang,1943-01-24,Laki-Laki,B,"Gang Moch. Toha No. 8
Ternate, SS 05888",Konghucu,menikah,Wiraswasta,WNI
9585871001332307,Karimah Sudiati,Gorontalo,1922-04-07,Laki-Laki,O,"Jl. Erlangga No. 5
Palu, Papua 38819",Katolik,cerai,Pelajar,WNA
1369841385489925,Gamanto Hidayat,Solok,1957-09-24,Laki-Laki,A,"Jalan Jayawijaya No. 8
Palopo, Kalimantan Utara 15170",Kristen,cerai,Pelajar,WNI
1015033286388443,Lutfan Firmansyah,Kota Administrasi Jakarta Barat,1969-08-04,Perempuan,A,"Gang Pacuan Kuda No. 441
Lhokseumawe, YO 97825",Islam,cerai,Pelajar,WNI
7160883071750060,Wirda Hutapea,Tanjungbalai,1949-01-17,Perempuan,AB,"Jl. Jamika No. 548
Tarakan, Sumatera Selatan 86269",Katolik,cerai,Wiraswasta,WNA
9915685875024647,Prayogo Nuraini,Kota Administrasi Jakarta Pusat,1976-09-18,Perempuan,AB,"Gang Pelajar Pejuang No. 5
Pekalongan, Papua Barat 01318",Hindu,cerai,Pelajar,WNA
2323923566663274,"Karimah Nurdiyanti, S.Ked",Payakumbuh,2017-05-27,Laki-Laki,AB,"Gang Dr. Djunjunan No. 594
Parepare, Sulawesi Tengah 35467",Konghucu,cerai,Wiraswasta,WNI
2070411491081085,"dr. Yono Widiastuti, S.E.I",Kediri,1945-09-03,Laki-Laki,B,"Gang Raya Ujungberung No. 46
Singkawang, Kepulauan Riau 46957",Hindu,belum menikah,Pelajar,WNA
9745732291237031,Uli Rahimah,Metro,1915-08-02,Laki-Laki,A,"Jl. Dipenogoro No. 41
Cimahi, Sulawesi Barat 45411",Islam,menikah,Karyawan Swasta,WNI
3273140108336268,Tirta Manullang,Gorontalo,1968-01-22,Laki-Laki,O,"Gg. Kutisari Selatan No. 05
Kendari, Aceh 36711",Kristen,belum menikah,Mahasiswa,WNI
4633462182512118,Putri Sitorus,Mojokerto,1911-04-15,Laki-Laki,AB,"Gg. Rungkut Industri No. 6
Yogyakarta, NB 34320",Islam,belum menikah,Mahasiswa,WNA
4310810694257332,Dian Siregar,Binjai,1954-05-19,Perempuan,A,"Jalan K.H. Wahid Hasyim No. 39
Kediri, Papua 23226",Hindu,belum menikah,Wiraswasta,WNI
9499644860904082,"Sutan Wira Irawan, S.T.",Pasuruan,2021-07-03,Perempuan,O,"Jalan Waringin No. 37
Bengkulu, Sumatera Utara 99858",Buddha,cerai,Wiraswasta,WNI
7551895853086152,Raina Uwais,Meulaboh,1967-05-20,Laki-Laki,B,"Jl. Pasir Koja No. 21
Kotamobagu, JI 03125",Islam,cerai,Pelajar,WNI
6992792596721537,"Hj. Ella Mustofa, S.H.",Padangpanjang,1974-09-09,Perempuan,AB,"Gang Ronggowarsito No. 9
Bandung, Kepulauan Riau 07314",Konghucu,cerai,Pelajar,WNA
9176092621887658,Bella Januar,Probolinggo,1925-11-12,Laki-Laki,B,"Gang M.T Haryono No. 62
Padangpanjang, Jawa Barat 46418",Islam,menikah,Mahasiswa,WNA
3865755900480315,"Zulaikha Wijayanti, M.Farm",Tangerang Selatan,1959-06-04,Laki-Laki,A,"Gg. Kutai No. 196
Depok, Kalimantan Timur 97662",Konghucu,cerai,Wiraswasta,WNI
9930377228776195,Raina Nasyiah,Salatiga,1965-06-15,Perempuan,O,"Gang Rawamangun No. 696
Solok, SU 17752",Islam,belum menikah,Tidak Bekerja,WNI
3095762765332824,T. Bakiman Mayasari,Sorong,1942-09-03,Laki-Laki,B,"Jalan M.T Haryono No. 3
Ambon, Sumatera Barat 89906",Katolik,cerai,Mahasiswa,WNI
1625201167479879,Nurul Sudiati,Langsa,2004-01-04,Perempuan,O,"Gg. Ir. H. Djuanda No. 8
Tomohon, KI 70747",Konghucu,belum menikah,Mahasiswa,WNI
9454856855279230,Aurora Damanik,Binjai,1997-10-21,Perempuan,A,"Jalan R.E Martadinata No. 21
Bima, MA 35504",Katolik,cerai,Tidak Bekerja,WNI
0728881739466350,Garang Dabukke,Yogyakarta,2001-12-20,Perempuan,O,"Jalan H.J Maemunah No. 189
Pematangsiantar, Kepulauan Riau 86023",Hindu,cerai,Karyawan Swasta,WNI
9928775357110636,Ira Safitri,Cilegon,2022-12-04,Laki-Laki,B,"Jl. K.H. Wahid Hasyim No. 66
Mataram, DKI Jakarta 32284",Katolik,menikah,Mahasiswa,WNI
6724673422871856,Asmianto Habibi,Depok,1977-10-03,Perempuan,A,"Gang Moch. Ramdan No. 6
Payakumbuh, KT 04915",Hindu,menikah,Wiraswasta,WNI
0886347532356841,"H. Kawaca Maryadi, S.Kom",Denpasar,1963-06-17,Laki-Laki,A,"Gang Moch. Ramdan No. 4
Bandung, AC 03371",Kristen,menikah,Wiraswasta,WNA
5207653497003546,"Aurora Jailani, M.M.",Malang,1950-01-02,Laki-Laki,O,"Jalan S. Parman No. 001
Mataram, JK 37768",Kristen,cerai,PNS,WNA
1678297898739110,"Pandu Padmasari, S.I.Kom",Batu,1960-05-20,Laki-Laki,B,"Jl. Siliwangi No. 332
Bima, BA 34625",Kristen,cerai,Wiraswasta,WNA
1436330747885225,Harsaya Sudiati,Cilegon,1915-08-07,Laki-Laki,B,"Gang K.H. Wahid Hasyim No. 259
Sibolga, AC 93311",Hindu,menikah,Karyawan Swasta,WNA
0186591453197218,R. Zamira Waluyo,Palangkaraya,1967-03-24,Perempuan,B,"Gang Jakarta No. 5
Kota Administrasi Jakarta Utara, Sulawesi Barat 61896",Buddha,menikah,Tidak Bekerja,WNA
9012111435349443,Titin Pratama,Kota Administrasi Jakarta Barat,1960-05-14,Perempuan,AB,"Gg. Siliwangi No. 00
Madiun, Bali 18835",Katolik,cerai,Karyawan Swasta,WNI
4425321100419605,Hesti Hastuti,Tangerang,1987-01-15,Perempuan,A,"Gg. Erlangga No. 8
Palu, BA 32552",Hindu,cerai,Karyawan Swasta,WNA
4246045075591870,Anita Ardianto,Samarinda,1948-02-26,Laki-Laki,O,"Jl. Dipenogoro No. 65
Cilegon, Sulawesi Selatan 68820",Kristen,menikah,Pelajar,WNA
7347467706147064,Ophelia Nuraini,Banjarmasin,2021-11-15,Laki-Laki,A,"Gang H.J Maemunah No. 17
Ambon, Maluku Utara 91738",Katolik,belum menikah,Wiraswasta,WNI
6622813382337814,Kayla Saragih,Sorong,1975-08-06,Laki-Laki,AB,"Jl. Cihampelas No. 5
Bogor, Bengkulu 64329",Konghucu,belum menikah,Karyawan Swasta,WNA
3982268722314321,"Juli Wacana, S.Ked",Kota Administrasi Jakarta Utara,2004-04-28,Perempuan,B,"Jalan BKR No. 868
Pekanbaru, KU 57033",Kristen,belum menikah,Karyawan Swasta,WNI
0281576304395193,Adhiarja Safitri,Serang,1974-11-07,Perempuan,AB,"Gang Tebet Barat Dalam No. 82
Tarakan, BT 62706",Islam,cerai,Pelajar,WNI
5320286785866546,Suci Putra,Bogor,1982-06-10,Perempuan,A,"Gg. Cihampelas No. 4
Bontang, RI 01092",Hindu,menikah,Tidak Bekerja,WNA
8693855447600880,Raharja Saragih,Ternate,2000-01-19,Perempuan,AB,"Jl. Gegerkalong Hilir No. 44
Lubuklinggau, Sumatera Selatan 13760",Kristen,menikah,Mahasiswa,WNI
8372738749797133,Maya Susanti,Medan,1979-07-18,Laki-Laki,AB,"Gg. Jend. Sudirman No. 179
Yogyakarta, BT 38837",Islam,cerai,Pelajar,WNI
5946941840250846,Kambali Oktaviani,Bogor,1910-10-11,Perempuan,A,"Gang R.E Martadinata No. 20
Bau-Bau, Jawa Tengah 00474",Islam,belum menikah,Tidak Bekerja,WNA
8304730592470432,Mariadi Firmansyah,Bandar Lampung,1977-12-22,Laki-Laki,B,"Gg. W.R. Supratman No. 52
Palangkaraya, Bengkulu 79920",Kristen,cerai,Pelajar,WNI
5313663026975674,Shakila Widiastuti,Sukabumi,1981-05-29,Perempuan,B,"Gang Moch. Ramdan No. 63
Malang, Sulawesi Selatan 59306",Hindu,cerai,Karyawan Swasta,WNA
5529366332777827,Rachel Kusumo,Balikpapan,1974-05-08,Perempuan,AB,"Gang Kutisari Selatan No. 3
Bandar Lampung, Kalimantan Tengah 49253",Islam,menikah,Mahasiswa,WNA
8392757344887236,drg. Bagus Puspita,Magelang,1990-01-03,Laki-Laki,O,"Gang Abdul Muis No. 229
Tegal, Papua 03194",Katolik,cerai,Karyawan Swasta,WNA
3186651108049150,Jamalia Latupono,Sungai Penuh,1959-04-27,Perempuan,O,"Gg. Ir. H. Djuanda No. 78
Pekanbaru, Kalimantan Utara 31651",Katolik,cerai,PNS,WNI
5221873818972674,Ihsan Namaga,Salatiga,1942-12-11,Laki-Laki,A,"Jalan Dipenogoro No. 90
Tidore Kepulauan, Kalimantan Timur 46456",Buddha,belum menikah,PNS,WNI
1287506507019868,"Tedi Siregar, S.T.",Salatiga,1978-04-19,Laki-Laki,AB,"Gg. Lembong No. 07
Bengkulu, ST 09586",Katolik,menikah,Tidak Bekerja,WNA
7518708950056955,"drg. Maya Marpaung, S.Gz",Ambon,2014-10-18,Perempuan,AB,"Gg. Rumah Sakit No. 54
Gorontalo, Banten 73841",Hindu,belum menikah,Mahasiswa,WNI
5319760863889578,Nalar Namaga,Padang Sidempuan,1985-03-04,Laki-Laki,O,"Gg. S. Parman No. 46
Padangpanjang, Bali 82952",Kristen,cerai,Karyawan Swasta,WNI
7945270940443608,Estiono Rahayu,Jambi,1939-04-18,Laki-Laki,B,"Jalan Dipatiukur No. 056
Mataram, MA 85856",Hindu,cerai,Karyawan Swasta,WNI
3817373146734228,Mujur Usamah,Madiun,2018-02-10,Perempuan,O,"Jl. Bangka Raya No. 383
Salatiga, Kalimantan Utara 80454",Islam,menikah,Tidak Bekerja,WNA
2938443424756018,Kayun Yulianti,Pekalongan,1997-05-10,Perempuan,A,"Gg. Rajiman No. 2
Medan, JI 33317",Buddha,belum menikah,Wiraswasta,WNA
2491645518273226,Gina Manullang,Prabumulih,1956-05-15,Laki-Laki,B,"Gg. R.E Martadinata No. 00
Tegal, KT 97275",Hindu,menikah,PNS,WNA
4359815337501184,"KH. Garang Utami, S.IP",Solok,1970-04-25,Perempuan,O,"Gang Moch. Ramdan No. 000
Metro, Nusa Tenggara Timur 33465",Katolik,cerai,PNS,WNA
0751469629592692,Titin Lazuardi,Mataram,1939-11-16,Laki-Laki,B,"Gg. Asia Afrika No. 2
Denpasar, RI 03767",Hindu,cerai,Tidak Bekerja,WNI
5080880856857828,Lukita Dabukke,Sungai Penuh,1943-03-15,Laki-Laki,AB,"Jl. Moch. Ramdan No. 44
Madiun, KI 89790",Katolik,cerai,PNS,WNI
0266794336375624,Dimaz Laksita,Dumai,1955-03-03,Laki-Laki,B,"Jl. Kendalsari No. 006
Cilegon, KT 42807",Hindu,cerai,Pelajar,WNA
6784330669582570,"R.M. Jindra Hidayanto, S.IP",Prabumulih,1999-04-17,Perempuan,O,"Jl. M.T Haryono No. 6
Binjai, Papua Barat 43099",Kristen,cerai,Mahasiswa,WNI
0526413130367382,Kezia Waluyo,Bengkulu,1998-11-25,Perempuan,B,"Jalan Rajawali Barat No. 6
Blitar, YO 96852",Buddha,belum menikah,Karyawan Swasta,WNA
8705249571819077,Malik Uwais,Bitung,1937-08-03,Perempuan,A,"Gang Kapten Muslihat No. 06
Magelang, Sulawesi Barat 40020",Islam,belum menikah,Wiraswasta,WNA
6712977146699412,Ilyas Astuti,Balikpapan,1981-07-20,Laki-Laki,B,"Gang M.T Haryono No. 98
Mataram, AC 78368",Islam,menikah,Mahasiswa,WNA
1886768741241409,"Dt. Mahmud Suartini, S.T.",Sukabumi,1990-11-11,Laki-Laki,O,"Jalan Erlangga No. 1
Prabumulih, JB 76422",Islam,cerai,Wiraswasta,WNI
6320756390560360,Alika Wulandari,Bandung,1916-05-30,Laki-Laki,O,"Jl. Jend. Sudirman No. 83
Pekalongan, KT 57452",Konghucu,menikah,Mahasiswa,WNI
4827551423080194,Vinsen Suryono,Bengkulu,1915-05-10,Laki-Laki,A,"Jalan Kutisari Selatan No. 62
Padang, Riau 39240",Islam,menikah,Wiraswasta,WNA
5802997758154005,Cemeti Astuti,Medan,1931-02-12,Perempuan,A,"Jalan Ronggowarsito No. 26
Sawahlunto, JK 10122",Konghucu,menikah,PNS,WNI
0906305728815965,Emil Lazuardi,Cirebon,2015-07-22,Laki-Laki,AB,"Gg. H.J Maemunah No. 2
Sorong, Sumatera Barat 00350",Katolik,belum menikah,Mahasiswa,WNA
7861913143078073,"Luthfi Hidayanto, M.Ak",Pangkalpinang,1966-05-04,Perempuan,AB,"Gang Ahmad Yani No. 219
Pangkalpinang, BB 40652",Konghucu,menikah,Wiraswasta,WNI
3697568181034822,Titin Irawan,Sukabumi,1962-09-10,Laki-Laki,AB,"Jl. Erlangga No. 7
Yogyakarta, Maluku Utara 14191",Konghucu,cerai,PNS,WNA
8220458711298085,Talia Maulana,Surabaya,1964-01-22,Perempuan,O,"Jalan Otto Iskandardinata No. 224
Palangkaraya, YO 81144",Islam,belum menikah,Tidak Bekerja,WNI
0397019536360382,Nadia Napitupulu,Pagaralam,1961-12-10,Laki-Laki,B,"Gg. Siliwangi No. 8
Tomohon, BE 68825",Katolik,cerai,Pelajar,WNI
7705121614695508,Tgk. Endah Megantara,Mojokerto,2005-11-08,Laki-Laki,AB,"Gang Rajiman No. 99
Pontianak, Sulawesi Tenggara 03601",Katolik,menikah,Pelajar,WNA
7701701523813851,Harjaya Uyainah,Sukabumi,1943-08-02,Laki-Laki,O,"Jalan Cikapayang No. 3
Sukabumi, Sulawesi Selatan 85766",Kristen,belum menikah,Karyawan Swasta,WNI
8401602469924932,"R.A. Raisa Marbun, S.Farm",Kendari,1935-10-15,Perempuan,O,"Jl. Raya Ujungberung No. 131
Kota Administrasi Jakarta Barat, Jambi 02681",Katolik,cerai,Wiraswasta,WNA
7413355692337818,Yani Rajata,Semarang,1979-12-25,Laki-Laki,A,"Jalan Ahmad Yani No. 22
Pekalongan, Sumatera Selatan 45524",Konghucu,belum menikah,Tidak Bekerja,WNA
6911482863500060,Cengkir Wahyuni,Pontianak,1948-10-12,Laki-Laki,A,"Jl. Tebet Barat Dalam No. 7
Malang, Papua 85215",Buddha,menikah,PNS,WNA
6732891141578149,Ratna Winarsih,Semarang,1972-05-19,Perempuan,AB,"Jl. Cikapayang No. 314
Sabang, DKI Jakarta 54710",Katolik,menikah,Mahasiswa,WNI
3565547827589390,Tgk. Amalia Permadi,Magelang,1916-07-27,Perempuan,B,"Gang Ir. H. Djuanda No. 586
Banjarmasin, Jawa Barat 33063",Buddha,menikah,Karyawan Swasta,WNA
2010364198058325,Michelle Lazuardi,Bengkulu,2018-09-21,Laki-Laki,B,"Jalan Ahmad Dahlan No. 71
Lubuklinggau, Bengkulu 35554",Buddha,cerai,Mahasiswa,WNA
5468363155421053,Gina Wijaya,Parepare,1934-09-03,Perempuan,A,"Jalan Suniaraja No. 05
Tanjungpinang, Gorontalo 90105",Konghucu,cerai,PNS,WNI
5455126765766428,Diah Wibisono,Pekalongan,1924-10-18,Perempuan,AB,"Gg. Tubagus Ismail No. 458
Tomohon, LA 85255",Buddha,cerai,Mahasiswa,WNA
1126416345457363,Dr. Prabowo Hutagalung,Surabaya,1955-09-23,Laki-Laki,A,"Gg. Ciwastra No. 786
Depok, SR 54285",Konghucu,cerai,Mahasiswa,WNI
3237439028994072,Nasim Wijayanti,Tidore Kepulauan,1958-10-23,Perempuan,A,"Jl. H.J Maemunah No. 750
Sawahlunto, Kalimantan Timur 07313",Buddha,menikah,Mahasiswa,WNA
5664501041484233,Ratih Rajata,Madiun,1958-05-27,Laki-Laki,B,"Gg. Suniaraja No. 276
Lhokseumawe, Nusa Tenggara Timur 44370",Kristen,menikah,Mahasiswa,WNA
3063042320283558,Yono Mayasari,Jayapura,1998-08-16,Perempuan,B,"Jl. Asia Afrika No. 32
Balikpapan, SG 64787",Katolik,menikah,Pelajar,WNA
0202306912361826,Ganep Tamba,Medan,1991-12-28,Perempuan,B,"Gang Monginsidi No. 9
Magelang, YO 34161",Konghucu,menikah,Wiraswasta,WNA
8545548987513461,"Vino Oktaviani, M.TI.",Palopo,1910-09-12,Perempuan,AB,"Gang Pasir Koja No. 2
Meulaboh, Lampung 43545",Islam,cerai,Mahasiswa,WNA
1618636668332464,Bakda Anggriawan,Dumai,1996-03-15,Perempuan,B,"Gg. Kutai No. 1
Parepare, Lampung 37588",Kristen,cerai,Pelajar,WNA
5873723410785236,KH. Asirwada Wijayanti,Tomohon,2008-08-21,Perempuan,AB,"Gg. Pasir Koja No. 18
Mojokerto, Kalimantan Utara 03978",Islam,cerai,Pelajar,WNI
8484045948196955,Siti Hardiansyah,Kotamobagu,2014-08-23,Perempuan,AB,"Gang Cihampelas No. 7
Surabaya, Jawa Timur 48694",Buddha,cerai,Karyawan Swasta,WNA
6146696941587689,"Malika Wasita, S.Farm",Lubuklinggau,2018-11-18,Laki-Laki,A,"Gang Gardujati No. 677
Singkawang, Kalimantan Timur 01370",Kristen,belum menikah,Mahasiswa,WNI
0539397765733217,Eva Farida,Surakarta,1951-05-14,Laki-Laki,A,"Jalan Ronggowarsito No. 391
Pagaralam, SS 86196",Islam,menikah,Pelajar,WNI
9145189171997023,"Adikara Ramadan, S.T.",Pekanbaru,1927-04-23,Laki-Laki,B,"Jl. Cikutra Barat No. 16
Prabumulih, SS 03369",Islam,menikah,PNS,WNI
9446220549682882,"Tgk. Panji Samosir, S.T.",Denpasar,1926-06-10,Laki-Laki,AB,"Jl. Bangka Raya No. 61
Mataram, BT 83989",Islam,belum menikah,Wiraswasta,WNI
1496699632408093,"Putri Hutapea, S.IP",Bogor,1935-07-21,Laki-Laki,B,"Jalan Waringin No. 61
Malang, Kalimantan Timur 63976",Konghucu,cerai,PNS,WNA
1665059803300910,"Hj. Wulan Setiawan, M.TI.",Cirebon,1980-08-08,Laki-Laki,AB,"Jalan Gardujati No. 993
Probolinggo, Kalimantan Utara 79082",Konghucu,belum menikah,PNS,WNI
0033113110355512,Janet Budiyanto,Jambi,1953-10-19,Perempuan,AB,"Jalan Setiabudhi No. 31
Surabaya, Maluku 12750",Kristen,cerai,Karyawan Swasta,WNA
6585000726273759,"Puspa Salahudin, M.Pd",Palu,1985-08-18,Perempuan,AB,"Jl. Pasirkoja No. 9
Mataram, Kalimantan Tengah 99308",Konghucu,belum menikah,Mahasiswa,WNI
8236798394371617,Emil Habibi,Payakumbuh,1955-10-20,Perempuan,O,"Jalan M.T Haryono No. 350
Surakarta, Banten 18102",Katolik,belum menikah,Tidak Bekerja,WNA
3429763828081942,"Chelsea Rajasa, S.I.Kom",Surabaya,2016-06-13,Laki-Laki,A,"Gang Pasir Koja No. 263
Purwokerto, Bengkulu 85973",Islam,belum menikah,PNS,WNA
5798495751080553,Hj. Rina Gunawan,Mataram,1986-12-24,Perempuan,A,"Jalan Rajiman No. 44
Banjarbaru, Papua Barat 89360",Buddha,belum menikah,Wiraswasta,WNI
0080408782997383,Siska Prastuti,Singkawang,1938-03-05,Laki-Laki,O,"Jalan Gedebage Selatan No. 49
Pematangsiantar, Sulawesi Utara 81293",Kristen,cerai,PNS,WNA
4231938280897119,"Warta Nuraini, S.Pd",Tarakan,1997-11-23,Laki-Laki,O,"Gang Cihampelas No. 1
Cilegon, Lampung 65175",Islam,cerai,Pelajar,WNI
4032362326427657,Endra Suryatmi,Denpasar,2014-08-26,Perempuan,B,"Jl. Stasiun Wonokromo No. 87
Pontianak, Jawa Tengah 81390",Buddha,menikah,Karyawan Swasta,WNA
6148819181886646,Raharja Pradana,Banjarmasin,1970-12-26,Perempuan,B,"Jalan KH Amin Jasuta No. 1
Payakumbuh, NB 09539",Kristen,cerai,PNS,WNA
9507472611339706,Dr. Parman Maryati,Tarakan,1920-08-26,Laki-Laki,A,"Gg. K.H. Wahid Hasyim No. 3
Padang Sidempuan, JT 81840",Buddha,menikah,Mahasiswa,WNA
0441630270515544,Ir. Reksa Saputra,Sukabumi,1925-03-28,Laki-Laki,AB,"Jl. Tubagus Ismail No. 9
Sabang, AC 13283",Islam,menikah,Tidak Bekerja,WNA
1442025127104417,Indra Winarno,Probolinggo,2002-11-07,Perempuan,AB,"Gang Setiabudhi No. 21
Pariaman, Bali 37253",Buddha,belum menikah,Mahasiswa,WNA
8999234241925151,"Ilsa Marbun, S.Gz",Tomohon,2000-10-20,Perempuan,B,"Jalan Ahmad Dahlan No. 94
Binjai, JI 97895",Konghucu,belum menikah,Wiraswasta,WNA
8816939142038077,Kenzie Santoso,Binjai,1990-01-15,Laki-Laki,B,"Jalan Kutai No. 616
Tangerang Selatan, Kalimantan Timur 61104",Islam,cerai,Mahasiswa,WNI
2145796704322280,Opung Zulkarnain,Ternate,1958-06-20,Laki-Laki,A,"Jl. BKR No. 713
Padangpanjang, Jawa Tengah 90445",Kristen,menikah,Tidak Bekerja,WNA
5711732073862039,Gatot Wijaya,Parepare,1952-11-20,Laki-Laki,AB,"Gg. Dr. Djunjunan No. 4
Depok, SS 63431",Konghucu,menikah,Karyawan Swasta,WNI
0091109888374362,Betania Nasyidah,Tebingtinggi,1939-05-15,Perempuan,A,"Gg. Jakarta No. 43
Makassar, JI 95319",Buddha,belum menikah,Wiraswasta,WNA
4505158562389440,Rachel Wibisono,Kota Administrasi Jakarta Timur,2003-06-10,Laki-Laki,AB,"Jl. Gedebage Selatan No. 86
Pangkalpinang, Sumatera Selatan 28717",Katolik,cerai,Pelajar,WNI
4426450634572873,Paiman Manullang,Banjar,1988-11-10,Laki-Laki,A,"Gang Pelajar Pejuang No. 470
Meulaboh, Jawa Tengah 69014",Islam,menikah,PNS,WNI
1619479486368146,Gading Mansur,Sabang,1986-10-12,Laki-Laki,B,"Jalan Wonoayu No. 561
Pariaman, Nusa Tenggara Timur 40129",Hindu,belum menikah,Pelajar,WNA
5136963175136021,Vanya Jailani,Pematangsiantar,1922-01-25,Laki-Laki,A,"Jalan Joyoboyo No. 7
Bau-Bau, SN 22437",Kristen,belum menikah,Karyawan Swasta,WNA
1779047147241723,Kawaya Nuraini,Lubuklinggau,1936-10-10,Laki-Laki,AB,"Gg. Jakarta No. 742
Langsa, Kalimantan Selatan 61717",Konghucu,cerai,Karyawan Swasta,WNA
0286442716724891,"Samiah Padmasari, M.Ak",Tarakan,1998-06-30,Laki-Laki,AB,"Jl. Dr. Djunjunan No. 3
Sibolga, DI Yogyakarta 04688",Konghucu,menikah,Karyawan Swasta,WNA
7678389729381863,"Drs. Muhammad Prasasta, S.Kom",Probolinggo,1954-11-01,Laki-Laki,A,"Jalan Ahmad Dahlan No. 9
Serang, Aceh 17812",Kristen,belum menikah,Tidak Bekerja,WNI
8211606906045711,Zamira Aryani,Bengkulu,1917-07-19,Laki-Laki,AB,"Gang Raya Ujungberung No. 479
Batam, NT 12855",Buddha,menikah,Pelajar,WNI
8781398776491620,Pranata Zulkarnain,Cirebon,1980-05-24,Perempuan,A,"Gang Merdeka No. 874
Binjai, SR 99655",Islam,belum menikah,Tidak Bekerja,WNI
7790748521718411,Fitriani Hartati,Semarang,2007-02-14,Laki-Laki,AB,"Gg. Medokan Ayu No. 4
Medan, BA 66699",Hindu,menikah,Tidak Bekerja,WNI
4969070020328476,"Usman Firmansyah, M.TI.",Bontang,1958-09-17,Perempuan,O,"Gg. Lembong No. 500
Payakumbuh, SB 91671",Kristen,belum menikah,PNS,WNI
9119607490980635,"Puti Icha Pradana, M.Pd",Madiun,1967-11-08,Laki-Laki,O,"Jl. Wonoayu No. 916
Prabumulih, MA 74749",Katolik,cerai,Pelajar,WNA
4781251256995599,"drg. Kania Marbun, S.Kom",Jambi,1961-05-31,Laki-Laki,AB,"Jalan Indragiri No. 93
Bandar Lampung, Kepulauan Riau 23917",Islam,belum menikah,Mahasiswa,WNA
3634757193085597,Dt. Eko Irawan,Medan,2017-06-07,Perempuan,A,"Jl. Raya Ujungberung No. 4
Cimahi, Maluku 27809",Kristen,belum menikah,PNS,WNA
0855568170383115,R.A. Maida Firgantoro,Bengkulu,1917-01-20,Perempuan,AB,"Gang Cikutra Timur No. 66
Padang, Kepulauan Bangka Belitung 31223",Katolik,cerai,Tidak Bekerja,WNI
2141255090534075,Tgk. Dina Suwarno,Dumai,1921-10-14,Laki-Laki,O,"Gang R.E Martadinata No. 25
Mataram, Sulawesi Utara 82241",Islam,cerai,Pelajar,WNI
3832215609762816,Ir. Ida Budiman,Lubuklinggau,1980-01-03,Perempuan,AB,"Jl. K.H. Wahid Hasyim No. 963
Banjar, SN 23673",Hindu,cerai,PNS,WNA
7773708083930922,Jagaraga Wijayanti,Kota Administrasi Jakarta Utara,1917-12-27,Laki-Laki,A,"Gg. K.H. Wahid Hasyim No. 338
Cirebon, SB 07355",Buddha,cerai,Karyawan Swasta,WNI
3600401093165280,"dr. Ajeng Budiyanto, S.H.",Sibolga,1949-12-16,Perempuan,O,"Jalan Pasteur No. 879
Pontianak, KU 97391",Katolik,menikah,Karyawan Swasta,WNI
6531649788660323,Bella Susanti,Bontang,1978-01-07,Laki-Laki,B,"Jalan Waringin No. 05
Jambi, YO 26937",Katolik,menikah,Pelajar,WNI
4150732861149789,Adiarja Wastuti,Kota Administrasi Jakarta Pusat,2003-03-06,Laki-Laki,O,"Gg. Erlangga No. 51
Purwokerto, DI Yogyakarta 96658",Hindu,menikah,Tidak Bekerja,WNA
8868520584035853,"R.A. Putri Iswahyudi, S.Kom",Pontianak,1975-07-20,Perempuan,B,"Gang Bangka Raya No. 0
Sungai Penuh, BT 91891",Katolik,menikah,Tidak Bekerja,WNA
9140429970786838,"Dalimin Sitorus, M.TI.",Tasikmalaya,1946-02-19,Laki-Laki,AB,"Gang Moch. Toha No. 44
Banjarbaru, KT 78227",Kristen,belum menikah,Mahasiswa,WNI
8362175711992807,Zaenab Gunawan,Padang Sidempuan,1947-11-19,Perempuan,O,"Jl. Dipatiukur No. 16
Ternate, Kalimantan Utara 75708",Katolik,belum menikah,Mahasiswa,WNI
5833854557075953,Artanto Nuraini,Surakarta,1938-05-16,Laki-Laki,B,"Jalan Waringin No. 3
Pasuruan, PB 87162",Islam,menikah,Pelajar,WNI
9352942016511770,"Ir. Cindy Budiyanto, M.Farm",Banjarbaru,1999-06-02,Perempuan,B,"Jalan Pasteur No. 2
Tarakan, Sulawesi Selatan 78762",Katolik,menikah,Mahasiswa,WNA
8154387280646850,Tgk. Hesti Pradipta,Tegal,1925-09-08,Perempuan,O,"Jalan Dipatiukur No. 42
Kota Administrasi Jakarta Pusat, Aceh 47571",Buddha,menikah,Wiraswasta,WNI
3558749726779983,Uchita Sihotang,Subulussalam,1996-07-02,Laki-Laki,O,"Jl. Dipenogoro No. 4
Banjar, BE 27094",Hindu,belum menikah,Pelajar,WNA
6222622653877475,"Jessica Habibi, M.Farm",Balikpapan,1957-05-04,Laki-Laki,A,"Gg. Laswi No. 326
Tanjungpinang, Sulawesi Selatan 78542",Hindu,cerai,Mahasiswa,WNA
6631056781837217,Ihsan Wulandari,Sawahlunto,1995-07-14,Perempuan,O,"Gg. Gedebage Selatan No. 86
Banjarmasin, Maluku Utara 05876",Islam,belum menikah,Pelajar,WNI
0075625588877854,R. Diah Zulaika,Palembang,1930-02-03,Perempuan,O,"Gg. Jayawijaya No. 20
Jayapura, Maluku Utara 25071",Islam,menikah,Mahasiswa,WNA
4471968064412056,Jefri Rajata,Bekasi,1978-07-23,Laki-Laki,A,"Jl. Cikutra Timur No. 0
Salatiga, Sulawesi Utara 08692",Islam,menikah,PNS,WNI
8207952541999867,Cengkir Ardianto,Medan,1984-08-29,Perempuan,B,"Gg. Sentot Alibasa No. 9
Solok, LA 77348",Buddha,cerai,Wiraswasta,WNA
9759345407895341,"Kamila Dabukke, S.Pd",Kota Administrasi Jakarta Utara,1979-03-30,Perempuan,A,"Gang Veteran No. 65
Serang, Gorontalo 88094",Kristen,belum menikah,Karyawan Swasta,WNA
6525963872822969,Dartono Namaga,Gorontalo,2024-01-29,Laki-Laki,AB,"Gang K.H. Wahid Hasyim No. 915
Metro, Bengkulu 39591",Konghucu,cerai,Wiraswasta,WNA
6926517458704327,"Gangsa Rahayu, S.T.",Banjarmasin,1922-11-26,Perempuan,O,"Gang S. Parman No. 1
Cilegon, Sulawesi Selatan 42885",Buddha,belum menikah,Tidak Bekerja,WNI
3308933480999719,"Faizah Napitupulu, S.Farm",Langsa,1972-05-23,Perempuan,O,"Jalan Joyoboyo No. 3
Meulaboh, JI 15107",Kristen,menikah,Tidak Bekerja,WNA
4029795555720391,Novi Lazuardi,Singkawang,2017-12-23,Laki-Laki,AB,"Gang Moch. Toha No. 69
Lubuklinggau, SR 82679",Konghucu,belum menikah,Tidak Bekerja,WNA
2714073739969185,Tania Utama,Cimahi,1924-01-13,Perempuan,B,"Gang Ciumbuleuit No. 09
Padangpanjang, NB 32978",Konghucu,belum menikah,PNS,WNI
1379033811451025,"dr. Safina Dongoran, S.Gz",Bitung,1987-09-07,Laki-Laki,AB,"Gang Jayawijaya No. 499
Denpasar, GO 67258",Hindu,belum menikah,Tidak Bekerja,WNA
5267302645696994,"Uchita Kusumo, S.Pd",Mataram,1908-09-04,Laki-Laki,AB,"Gang Siliwangi No. 326
Sukabumi, Riau 37666",Konghucu,cerai,Tidak Bekerja,WNI
9145010613554863,Zamira Suryono,Langsa,1987-01-30,Laki-Laki,A,"Jl. HOS. Cokroaminoto No. 01
Kota Administrasi Jakarta Selatan, Banten 25946",Hindu,cerai,PNS,WNA
2554297864951906,Anastasia Fujiati,Padang,1950-05-01,Laki-Laki,O,"Gang Jend. A. Yani No. 52
Pontianak, Sulawesi Barat 17718",Buddha,menikah,Wiraswasta,WNI
6725887488625456,Ella Simbolon,Metro,1981-12-12,Perempuan,O,"Jl. Cihampelas No. 87
Padang, KB 05189",Katolik,belum menikah,PNS,WNI
9781763923983730,drg. Vanesa Siregar,Dumai,1973-11-19,Laki-Laki,AB,"Jalan Kiaracondong No. 5
Dumai, Jawa Timur 34527",Islam,menikah,Mahasiswa,WNI
4313285508982127,Gangsa Safitri,Pasuruan,1983-04-17,Perempuan,AB,"Gang Gardujati No. 61
Blitar, ST 80314",Konghucu,menikah,Wiraswasta,WNI
9971621254581578,"Tgk. Latika Sinaga, S.H.",Malang,1949-05-19,Laki-Laki,B,"Jl. H.J Maemunah No. 0
Sorong, MA 69976",Hindu,belum menikah,Mahasiswa,WNI
6672444150467760,"Tgk. Yuliana Hartati, M.Pd",Kota Administrasi Jakarta Barat,1935-09-22,Perempuan,O,"Jalan Siliwangi No. 9
Bontang, SU 76160",Hindu,menikah,Pelajar,WNI
6592690193639673,"Mursinin Yulianti, S.IP",Lhokseumawe,1958-05-19,Perempuan,B,"Jl. Ciwastra No. 02
Kota Administrasi Jakarta Pusat, JK 23179",Konghucu,cerai,Karyawan Swasta,WNI
4255138629898057,Halim Natsir,Samarinda,1938-06-23,Perempuan,O,"Gang Suniaraja No. 8
Cimahi, JB 03867",Hindu,cerai,Mahasiswa,WNI
8274339430227461,R. Bahuwirya Pradana,Tual,2008-12-12,Laki-Laki,O,"Jalan Kiaracondong No. 703
Binjai, SG 88983",Islam,menikah,Tidak Bekerja,WNI
1126791773130815,Usyi Waluyo,Bitung,1920-03-12,Perempuan,A,"Gang Ahmad Dahlan No. 86
Bogor, MU 18801",Buddha,cerai,Wiraswasta,WNI
8322486667070908,Siti Zulaika,Solok,1915-07-02,Laki-Laki,B,"Jl. Joyoboyo No. 1
Tangerang, NT 30371",Katolik,cerai,Pelajar,WNI
8977632492928269,Gabriella Halim,Medan,1985-09-06,Perempuan,A,"Gg. Soekarno Hatta No. 0
Madiun, KS 27756",Konghucu,cerai,Wiraswasta,WNI
7041091550882814,"Tgk. Kasiran Prasetyo, S.Sos",Cirebon,1956-11-25,Laki-Laki,B,"Gang Cempaka No. 90
Madiun, Kepulauan Riau 56139",Hindu,belum menikah,Wiraswasta,WNA
4348328026386856,"R.A. Putri Riyanti, M.M.",Probolinggo,1924-05-08,Perempuan,A,"Gg. Cempaka No. 67
Tegal, ST 36821",Buddha,menikah,Karyawan Swasta,WNA
7827081519629391,"Nardi Fujiati, S.Pd",Palembang,1951-09-26,Laki-Laki,B,"Jl. Sukajadi No. 1
Tangerang, JT 09749",Buddha,cerai,PNS,WNI
1492433488276955,Maya Simbolon,Jambi,1993-07-11,Laki-Laki,B,"Jl. Sukajadi No. 3
Tegal, ST 09579",Islam,belum menikah,Tidak Bekerja,WNI
0245312754654306,drg. Lalita Susanti,Magelang,1928-03-18,Laki-Laki,O,"Gang Rungkut Industri No. 57
Subulussalam, LA 99835",Buddha,belum menikah,Pelajar,WNA
8553128305787123,"Dwi Handayani, S.Farm",Parepare,1910-04-23,Laki-Laki,B,"Gang Cihampelas No. 7
Binjai, DKI Jakarta 63424",Konghucu,cerai,Mahasiswa,WNI
9484219082567855,Ilsa Saragih,Dumai,2002-03-25,Laki-Laki,B,"Jalan Pasteur No. 241
Bogor, Kalimantan Tengah 80404",Islam,cerai,Karyawan Swasta,WNI
2310286914270824,Atma Maryati,Banjarbaru,1941-11-25,Laki-Laki,AB,"Gang Ciwastra No. 45
Kota Administrasi Jakarta Pusat, Papua Barat 63005",Katolik,belum menikah,Mahasiswa,WNA
8905255941835716,Clara Marpaung,Denpasar,1969-12-21,Perempuan,AB,"Gg. R.E Martadinata No. 42
Jayapura, Banten 79951",Buddha,belum menikah,Karyawan Swasta,WNA
9737997265900697,Syahrini Laksita,Bukittinggi,1957-03-13,Laki-Laki,O,"Gang K.H. Wahid Hasyim No. 92
Tangerang Selatan, Jambi 66123",Konghucu,cerai,Tidak Bekerja,WNA
3772663444651268,"Ami Nurdiyanti, S.Kom",Tasikmalaya,1952-09-22,Perempuan,B,"Gg. Sukabumi No. 8
Medan, MA 56217",Katolik,belum menikah,Pelajar,WNI
4797139408674829,dr. Fitria Sudiati,Kota Administrasi Jakarta Selatan,2023-07-25,Laki-Laki,O,"Gang Jend. Sudirman No. 182
Pekalongan, SU 40773",Hindu,belum menikah,Karyawan Swasta,WNA
5581080735438110,"Eluh Kuswandari, S.Kom",Bandar Lampung,1995-09-20,Perempuan,AB,"Jalan Kutisari Selatan No. 1
Sabang, BB 64841",Katolik,cerai,PNS,WNI
2359407334552217,Ayu Utami,Sibolga,1926-03-16,Laki-Laki,O,"Jalan Gedebage Selatan No. 1
Tebingtinggi, SN 96329",Kristen,menikah,Karyawan Swasta,WNA
1114581291358550,Jarwadi Permata,Manado,1965-06-07,Perempuan,AB,"Jalan Peta No. 9
Singkawang, SU 05251",Buddha,cerai,Wiraswasta,WNA
2928636480008709,Halima Widiastuti,Kota Administrasi Jakarta Timur,1964-04-24,Perempuan,AB,"Jalan Raya Setiabudhi No. 6
Pangkalpinang, Jawa Timur 14483",Kristen,menikah,Wiraswasta,WNI
6010938654604589,"Ir. Virman Salahudin, S.Gz",Tidore Kepulauan,1920-01-14,Perempuan,O,"Jl. Kebonjati No. 081
Sibolga, JA 12186",Kristen,cerai,Mahasiswa,WNI
